solid OpenSCAD_Model
  facet normal 0.163147 -0.986602 0
    outer loop
      vertex 148.261 0.0171051 1.2
      vertex 148.39 0.0384369 3.6
      vertex 148.261 0.0171051 3.6
    endloop
  endfacet
  facet normal 0.163147 -0.986602 0
    outer loop
      vertex 148.39 0.0384369 3.6
      vertex 148.261 0.0171051 1.2
      vertex 148.39 0.0384369 1.2
    endloop
  endfacet
  facet normal 0 -1 0
    outer loop
      vertex 2 0 1.2
      vertex 148 0 3.6
      vertex 2 0 3.6
    endloop
  endfacet
  facet normal 0 -1 -0
    outer loop
      vertex 148 0 3.6
      vertex 2 0 1.2
      vertex 148 0 1.2
    endloop
  endfacet
  facet normal 0.0981195 -0.995175 0
    outer loop
      vertex 148.131 0.00428772 1.2
      vertex 148.261 0.0171051 3.6
      vertex 148.131 0.00428772 3.6
    endloop
  endfacet
  facet normal 0.0981195 -0.995175 0
    outer loop
      vertex 148.261 0.0171051 3.6
      vertex 148.131 0.00428772 1.2
      vertex 148.261 0.0171051 1.2
    endloop
  endfacet
  facet normal 0.226027 0.974121 -0
    outer loop
      vertex 148.518 45.9319 1.2
      vertex 148.39 45.9616 3.6
      vertex 148.518 45.9319 3.6
    endloop
  endfacet
  facet normal 0.226027 0.974121 0
    outer loop
      vertex 148.39 45.9616 3.6
      vertex 148.518 45.9319 1.2
      vertex 148.39 45.9616 1.2
    endloop
  endfacet
  facet normal -0.683738 0.729728 0
    outer loop
      vertex 0.681305 45.5037 1.2
      vertex 0.585785 45.4142 3.6
      vertex 0.681305 45.5037 3.6
    endloop
  endfacet
  facet normal -0.683738 0.729728 0
    outer loop
      vertex 0.585785 45.4142 3.6
      vertex 0.681305 45.5037 1.2
      vertex 0.585785 45.4142 1.2
    endloop
  endfacet
  facet normal 0.0328068 0.999462 -0
    outer loop
      vertex 148.131 45.9957 1.2
      vertex 148 46 3.6
      vertex 148.131 45.9957 3.6
    endloop
  endfacet
  facet normal 0.0328068 0.999462 0
    outer loop
      vertex 148 46 3.6
      vertex 148.131 45.9957 1.2
      vertex 148 46 1.2
    endloop
  endfacet
  facet normal 0.0327132 -0.999465 0
    outer loop
      vertex 148 0 1.2
      vertex 148.131 0.00428772 3.6
      vertex 148 0 3.6
    endloop
  endfacet
  facet normal 0.0327132 -0.999465 0
    outer loop
      vertex 148.131 0.00428772 3.6
      vertex 148 0 1.2
      vertex 148.131 0.00428772 1.2
    endloop
  endfacet
  facet normal -0.0979404 -0.995192 0
    outer loop
      vertex 1.73895 0.0171051 1.2
      vertex 1.86919 0.00428772 3.6
      vertex 1.73895 0.0171051 3.6
    endloop
  endfacet
  facet normal -0.0979404 -0.995192 -0
    outer loop
      vertex 1.86919 0.00428772 3.6
      vertex 1.73895 0.0171051 1.2
      vertex 1.86919 0.00428772 1.2
    endloop
  endfacet
  facet normal -0.0328544 0.99946 0
    outer loop
      vertex 2 46 1.2
      vertex 1.86919 45.9957 3.6
      vertex 2 46 3.6
    endloop
  endfacet
  facet normal -0.0328544 0.99946 0
    outer loop
      vertex 1.86919 45.9957 3.6
      vertex 2 46 1.2
      vertex 1.86919 45.9957 1.2
    endloop
  endfacet
  facet normal 0.849498 0.527591 0
    outer loop
      vertex 149.732 45 3.6
      vertex 149.663 45.1111 1.2
      vertex 149.663 45.1111 3.6
    endloop
  endfacet
  facet normal 0.849498 0.527591 0
    outer loop
      vertex 149.663 45.1111 1.2
      vertex 149.732 45 3.6
      vertex 149.732 45 1.2
    endloop
  endfacet
  facet normal 1 -0 0
    outer loop
      vertex 150 2 3.6
      vertex 150 44 1.2
      vertex 150 44 3.6
    endloop
  endfacet
  facet normal 1 0 0
    outer loop
      vertex 150 44 1.2
      vertex 150 2 3.6
      vertex 150 2 1.2
    endloop
  endfacet
  facet normal -0.226999 -0.973895 0
    outer loop
      vertex 1.48236 0.0681458 1.2
      vertex 1.60982 0.0384369 3.6
      vertex 1.48236 0.0681458 3.6
    endloop
  endfacet
  facet normal -0.226999 -0.973895 -0
    outer loop
      vertex 1.60982 0.0384369 3.6
      vertex 1.48236 0.0681458 1.2
      vertex 1.60982 0.0384369 1.2
    endloop
  endfacet
  facet normal -1 0 0
    outer loop
      vertex 0 2 1.2
      vertex 0 44 3.6
      vertex 0 44 1.2
    endloop
  endfacet
  facet normal -1 -0 0
    outer loop
      vertex 0 44 3.6
      vertex 0 2 1.2
      vertex 0 2 3.6
    endloop
  endfacet
  facet normal -0.729801 0.683659 0
    outer loop
      vertex 0.496323 45.3187 1.2
      vertex 0.585785 45.4142 3.6
      vertex 0.585785 45.4142 1.2
    endloop
  endfacet
  facet normal -0.729801 0.683659 0
    outer loop
      vertex 0.585785 45.4142 3.6
      vertex 0.496323 45.3187 1.2
      vertex 0.496323 45.3187 3.6
    endloop
  endfacet
  facet normal -0.910843 0.412753 0
    outer loop
      vertex 0.152237 44.7654 1.2
      vertex 0.206253 44.8846 3.6
      vertex 0.206253 44.8846 1.2
    endloop
  endfacet
  facet normal -0.910843 0.412753 0
    outer loop
      vertex 0.206253 44.8846 3.6
      vertex 0.152237 44.7654 1.2
      vertex 0.152237 44.7654 3.6
    endloop
  endfacet
  facet normal -0.0327606 -0.999463 0
    outer loop
      vertex 1.86919 0.00428772 1.2
      vertex 2 0 3.6
      vertex 1.86919 0.00428772 3.6
    endloop
  endfacet
  facet normal -0.0327606 -0.999463 -0
    outer loop
      vertex 2 0 3.6
      vertex 1.86919 0.00428772 1.2
      vertex 2 0 1.2
    endloop
  endfacet
  facet normal 0.290857 0.956767 -0
    outer loop
      vertex 148.643 45.8939 1.2
      vertex 148.518 45.9319 3.6
      vertex 148.643 45.8939 3.6
    endloop
  endfacet
  facet normal 0.290857 0.956767 0
    outer loop
      vertex 148.518 45.9319 3.6
      vertex 148.643 45.8939 1.2
      vertex 148.518 45.9319 1.2
    endloop
  endfacet
  facet normal -0.634385 -0.773017 0
    outer loop
      vertex 0.681305 0.496323 1.2
      vertex 0.782471 0.4133 3.6
      vertex 0.681305 0.496323 3.6
    endloop
  endfacet
  facet normal -0.634385 -0.773017 -0
    outer loop
      vertex 0.782471 0.4133 3.6
      vertex 0.681305 0.496323 1.2
      vertex 0.782471 0.4133 1.2
    endloop
  endfacet
  facet normal -0.352237 0.935911 0
    outer loop
      vertex 1.35712 45.8939 1.2
      vertex 1.23463 45.8478 3.6
      vertex 1.35712 45.8939 3.6
    endloop
  endfacet
  facet normal -0.352237 0.935911 0
    outer loop
      vertex 1.23463 45.8478 3.6
      vertex 1.35712 45.8939 1.2
      vertex 1.23463 45.8478 1.2
    endloop
  endfacet
  facet normal -0.290306 -0.956934 0
    outer loop
      vertex 1.35712 0.10614 1.2
      vertex 1.48236 0.0681458 3.6
      vertex 1.35712 0.10614 3.6
    endloop
  endfacet
  facet normal -0.290306 -0.956934 -0
    outer loop
      vertex 1.48236 0.0681458 3.6
      vertex 1.35712 0.10614 1.2
      vertex 1.48236 0.0681458 1.2
    endloop
  endfacet
  facet normal 0 1 -0
    outer loop
      vertex 148 46 1.2
      vertex 2 46 3.6
      vertex 148 46 3.6
    endloop
  endfacet
  facet normal 0 1 0
    outer loop
      vertex 2 46 3.6
      vertex 148 46 1.2
      vertex 2 46 1.2
    endloop
  endfacet
  facet normal -0.849077 0.528269 0
    outer loop
      vertex 0.267944 45 1.2
      vertex 0.337067 45.1111 3.6
      vertex 0.337067 45.1111 1.2
    endloop
  endfacet
  facet normal -0.849077 0.528269 0
    outer loop
      vertex 0.337067 45.1111 3.6
      vertex 0.267944 45 1.2
      vertex 0.267944 45 3.6
    endloop
  endfacet
  facet normal 0.0979877 0.995188 -0
    outer loop
      vertex 148.261 45.9829 1.2
      vertex 148.131 45.9957 3.6
      vertex 148.261 45.9829 3.6
    endloop
  endfacet
  facet normal 0.0979877 0.995188 0
    outer loop
      vertex 148.131 45.9957 3.6
      vertex 148.261 45.9829 1.2
      vertex 148.131 45.9957 1.2
    endloop
  endfacet
  facet normal 0.16291 0.986641 -0
    outer loop
      vertex 148.39 45.9616 1.2
      vertex 148.261 45.9829 3.6
      vertex 148.39 45.9616 3.6
    endloop
  endfacet
  facet normal 0.16291 0.986641 0
    outer loop
      vertex 148.261 45.9829 3.6
      vertex 148.39 45.9616 1.2
      vertex 148.261 45.9829 1.2
    endloop
  endfacet
  facet normal -0.290347 0.956922 0
    outer loop
      vertex 1.48236 45.9319 1.2
      vertex 1.35712 45.8939 3.6
      vertex 1.48236 45.9319 3.6
    endloop
  endfacet
  facet normal -0.290347 0.956922 0
    outer loop
      vertex 1.35712 45.8939 3.6
      vertex 1.48236 45.9319 1.2
      vertex 1.35712 45.8939 1.2
    endloop
  endfacet
  facet normal -0.471383 -0.881928 0
    outer loop
      vertex 1 0.267944 1.2
      vertex 1.11542 0.206253 3.6
      vertex 1 0.267944 3.6
    endloop
  endfacet
  facet normal -0.471383 -0.881928 -0
    outer loop
      vertex 1.11542 0.206253 3.6
      vertex 1 0.267944 1.2
      vertex 1.11542 0.206253 1.2
    endloop
  endfacet
  facet normal -0.162987 -0.986628 0
    outer loop
      vertex 1.60982 0.0384369 1.2
      vertex 1.73895 0.0171051 3.6
      vertex 1.60982 0.0384369 3.6
    endloop
  endfacet
  facet normal -0.162987 -0.986628 -0
    outer loop
      vertex 1.73895 0.0171051 3.6
      vertex 1.60982 0.0384369 1.2
      vertex 1.73895 0.0171051 1.2
    endloop
  endfacet
  facet normal -0.0978089 0.995205 0
    outer loop
      vertex 1.86919 45.9957 1.2
      vertex 1.73895 45.9829 3.6
      vertex 1.86919 45.9957 3.6
    endloop
  endfacet
  facet normal -0.0978089 0.995205 0
    outer loop
      vertex 1.73895 45.9829 3.6
      vertex 1.86919 45.9957 1.2
      vertex 1.73895 45.9829 1.2
    endloop
  endfacet
  facet normal 0.999533 0.0305668 0
    outer loop
      vertex 150 44 3.6
      vertex 149.996 44.1308 1.2
      vertex 149.996 44.1308 3.6
    endloop
  endfacet
  facet normal 0.999533 0.0305668 0
    outer loop
      vertex 149.996 44.1308 1.2
      vertex 150 44 3.6
      vertex 150 44 1.2
    endloop
  endfacet
  facet normal -0.935918 -0.352217 0
    outer loop
      vertex 0.152237 1.23463 1.2
      vertex 0.10614 1.35712 3.6
      vertex 0.10614 1.35712 1.2
    endloop
  endfacet
  facet normal -0.935918 -0.352217 0
    outer loop
      vertex 0.10614 1.35712 3.6
      vertex 0.152237 1.23463 1.2
      vertex 0.152237 1.23463 3.6
    endloop
  endfacet
  facet normal 0.529037 0.848599 -0
    outer loop
      vertex 149.111 45.6629 1.2
      vertex 149 45.7321 3.6
      vertex 149.111 45.6629 3.6
    endloop
  endfacet
  facet normal 0.529037 0.848599 0
    outer loop
      vertex 149 45.7321 3.6
      vertex 149.111 45.6629 1.2
      vertex 149 45.7321 1.2
    endloop
  endfacet
  facet normal -0.582474 -0.812849 0
    outer loop
      vertex 0.782471 0.4133 1.2
      vertex 0.888855 0.337067 3.6
      vertex 0.782471 0.4133 3.6
    endloop
  endfacet
  facet normal -0.582474 -0.812849 -0
    outer loop
      vertex 0.888855 0.337067 3.6
      vertex 0.782471 0.4133 1.2
      vertex 0.888855 0.337067 1.2
    endloop
  endfacet
  facet normal -0.812891 0.582416 0
    outer loop
      vertex 0.337067 45.1111 1.2
      vertex 0.4133 45.2175 3.6
      vertex 0.4133 45.2175 1.2
    endloop
  endfacet
  facet normal -0.812891 0.582416 0
    outer loop
      vertex 0.4133 45.2175 3.6
      vertex 0.337067 45.1111 1.2
      vertex 0.337067 45.1111 3.6
    endloop
  endfacet
  facet normal -0.162751 0.986667 0
    outer loop
      vertex 1.73895 45.9829 1.2
      vertex 1.60982 45.9616 3.6
      vertex 1.73895 45.9829 3.6
    endloop
  endfacet
  facet normal -0.162751 0.986667 0
    outer loop
      vertex 1.60982 45.9616 3.6
      vertex 1.73895 45.9829 1.2
      vertex 1.60982 45.9616 1.2
    endloop
  endfacet
  facet normal 0.528612 -0.848863 0
    outer loop
      vertex 149 0.267944 1.2
      vertex 149.111 0.337067 3.6
      vertex 149 0.267944 3.6
    endloop
  endfacet
  facet normal 0.528612 -0.848863 0
    outer loop
      vertex 149.111 0.337067 3.6
      vertex 149 0.267944 1.2
      vertex 149.111 0.337067 1.2
    endloop
  endfacet
  facet normal -0.881895 0.471447 0
    outer loop
      vertex 0.206253 44.8846 1.2
      vertex 0.267944 45 3.6
      vertex 0.267944 45 1.2
    endloop
  endfacet
  facet normal -0.881895 0.471447 0
    outer loop
      vertex 0.267944 45 3.6
      vertex 0.206253 44.8846 1.2
      vertex 0.206253 44.8846 3.6
    endloop
  endfacet
  facet normal -0.973871 0.227101 0
    outer loop
      vertex 0.0384369 44.3902 1.2
      vertex 0.0681458 44.5176 3.6
      vertex 0.0681458 44.5176 1.2
    endloop
  endfacet
  facet normal -0.973871 0.227101 0
    outer loop
      vertex 0.0681458 44.5176 3.6
      vertex 0.0384369 44.3902 1.2
      vertex 0.0384369 44.3902 3.6
    endloop
  endfacet
  facet normal 0.813733 0.581238 0
    outer loop
      vertex 149.663 45.1111 3.6
      vertex 149.587 45.2175 1.2
      vertex 149.587 45.2175 3.6
    endloop
  endfacet
  facet normal 0.813733 0.581238 0
    outer loop
      vertex 149.587 45.2175 1.2
      vertex 149.663 45.1111 3.6
      vertex 149.663 45.1111 1.2
    endloop
  endfacet
  facet normal -0.352217 -0.935918 0
    outer loop
      vertex 1.23463 0.152237 1.2
      vertex 1.35712 0.10614 3.6
      vertex 1.23463 0.152237 3.6
    endloop
  endfacet
  facet normal -0.352217 -0.935918 -0
    outer loop
      vertex 1.35712 0.10614 3.6
      vertex 1.23463 0.152237 1.2
      vertex 1.35712 0.10614 1.2
    endloop
  endfacet
  facet normal 0.973401 -0.229107 0
    outer loop
      vertex 149.932 1.48236 3.6
      vertex 149.962 1.60982 1.2
      vertex 149.962 1.60982 3.6
    endloop
  endfacet
  facet normal 0.973401 -0.229107 0
    outer loop
      vertex 149.962 1.60982 1.2
      vertex 149.932 1.48236 3.6
      vertex 149.932 1.48236 1.2
    endloop
  endfacet
  facet normal -0.413256 0.910615 0
    outer loop
      vertex 1.23463 45.8478 1.2
      vertex 1.11542 45.7937 3.6
      vertex 1.23463 45.8478 3.6
    endloop
  endfacet
  facet normal -0.413256 0.910615 0
    outer loop
      vertex 1.11542 45.7937 3.6
      vertex 1.23463 45.8478 1.2
      vertex 1.11542 45.7937 1.2
    endloop
  endfacet
  facet normal -0.528539 0.848909 0
    outer loop
      vertex 1 45.7321 1.2
      vertex 0.888855 45.6629 3.6
      vertex 1 45.7321 3.6
    endloop
  endfacet
  facet normal -0.528539 0.848909 0
    outer loop
      vertex 0.888855 45.6629 3.6
      vertex 1 45.7321 1.2
      vertex 0.888855 45.6629 1.2
    endloop
  endfacet
  facet normal -0.226935 0.97391 0
    outer loop
      vertex 1.60982 45.9616 1.2
      vertex 1.48236 45.9319 3.6
      vertex 1.60982 45.9616 3.6
    endloop
  endfacet
  facet normal -0.226935 0.97391 0
    outer loop
      vertex 1.48236 45.9319 3.6
      vertex 1.60982 45.9616 1.2
      vertex 1.48236 45.9319 1.2
    endloop
  endfacet
  facet normal 0.727752 0.68584 0
    outer loop
      vertex 149.504 45.3187 3.6
      vertex 149.414 45.4142 1.2
      vertex 149.414 45.4142 3.6
    endloop
  endfacet
  facet normal 0.727752 0.68584 0
    outer loop
      vertex 149.414 45.4142 1.2
      vertex 149.504 45.3187 3.6
      vertex 149.504 45.3187 1.2
    endloop
  endfacet
  facet normal 0.353475 0.935444 -0
    outer loop
      vertex 148.765 45.8478 1.2
      vertex 148.643 45.8939 3.6
      vertex 148.765 45.8478 3.6
    endloop
  endfacet
  facet normal 0.353475 0.935444 0
    outer loop
      vertex 148.643 45.8939 3.6
      vertex 148.765 45.8478 1.2
      vertex 148.643 45.8939 1.2
    endloop
  endfacet
  facet normal 0.910889 0.412651 0
    outer loop
      vertex 149.848 44.7654 3.6
      vertex 149.794 44.8846 1.2
      vertex 149.794 44.8846 3.6
    endloop
  endfacet
  facet normal 0.910889 0.412651 0
    outer loop
      vertex 149.794 44.8846 1.2
      vertex 149.848 44.7654 3.6
      vertex 149.848 44.7654 1.2
    endloop
  endfacet
  facet normal -0.63428 0.773103 0
    outer loop
      vertex 0.782471 45.5867 1.2
      vertex 0.681305 45.5037 3.6
      vertex 0.782471 45.5867 3.6
    endloop
  endfacet
  facet normal -0.63428 0.773103 0
    outer loop
      vertex 0.681305 45.5037 3.6
      vertex 0.782471 45.5867 1.2
      vertex 0.681305 45.5037 1.2
    endloop
  endfacet
  facet normal -0.773122 0.634258 0
    outer loop
      vertex 0.4133 45.2175 1.2
      vertex 0.496323 45.3187 3.6
      vertex 0.496323 45.3187 1.2
    endloop
  endfacet
  facet normal -0.773122 0.634258 0
    outer loop
      vertex 0.496323 45.3187 3.6
      vertex 0.4133 45.2175 1.2
      vertex 0.4133 45.2175 3.6
    endloop
  endfacet
  facet normal 0.880912 0.47328 0
    outer loop
      vertex 149.794 44.8846 3.6
      vertex 149.732 45 1.2
      vertex 149.732 45 3.6
    endloop
  endfacet
  facet normal 0.880912 0.47328 0
    outer loop
      vertex 149.732 45 1.2
      vertex 149.794 44.8846 3.6
      vertex 149.794 44.8846 1.2
    endloop
  endfacet
  facet normal 0.353455 -0.935452 0
    outer loop
      vertex 148.643 0.10614 1.2
      vertex 148.765 0.152237 3.6
      vertex 148.643 0.10614 3.6
    endloop
  endfacet
  facet normal 0.353455 -0.935452 0
    outer loop
      vertex 148.765 0.152237 3.6
      vertex 148.643 0.10614 1.2
      vertex 148.765 0.152237 1.2
    endloop
  endfacet
  facet normal -0.582308 0.812969 0
    outer loop
      vertex 0.888855 45.6629 1.2
      vertex 0.782471 45.5867 3.6
      vertex 0.888855 45.6629 3.6
    endloop
  endfacet
  facet normal -0.582308 0.812969 0
    outer loop
      vertex 0.782471 45.5867 3.6
      vertex 0.888855 45.6629 1.2
      vertex 0.782471 45.5867 1.2
    endloop
  endfacet
  facet normal -0.773017 -0.634385 0
    outer loop
      vertex 0.496323 0.681305 1.2
      vertex 0.4133 0.782471 3.6
      vertex 0.4133 0.782471 1.2
    endloop
  endfacet
  facet normal -0.773017 -0.634385 0
    outer loop
      vertex 0.4133 0.782471 3.6
      vertex 0.496323 0.681305 1.2
      vertex 0.496323 0.681305 3.6
    endloop
  endfacet
  facet normal 0.580252 -0.814437 0
    outer loop
      vertex 149.111 0.337067 1.2
      vertex 149.218 0.4133 3.6
      vertex 149.111 0.337067 3.6
    endloop
  endfacet
  facet normal 0.580252 -0.814437 0
    outer loop
      vertex 149.218 0.4133 3.6
      vertex 149.111 0.337067 1.2
      vertex 149.218 0.4133 1.2
    endloop
  endfacet
  facet normal 0.95696 0.290219 0
    outer loop
      vertex 149.932 44.5176 3.6
      vertex 149.894 44.6429 1.2
      vertex 149.894 44.6429 3.6
    endloop
  endfacet
  facet normal 0.95696 0.290219 0
    outer loop
      vertex 149.894 44.6429 1.2
      vertex 149.932 44.5176 3.6
      vertex 149.932 44.5176 1.2
    endloop
  endfacet
  facet normal 0.999533 -0.0305644 0
    outer loop
      vertex 149.996 1.86919 3.6
      vertex 150 2 1.2
      vertex 150 2 3.6
    endloop
  endfacet
  facet normal 0.999533 -0.0305644 0
    outer loop
      vertex 150 2 1.2
      vertex 149.996 1.86919 3.6
      vertex 149.996 1.86919 1.2
    endloop
  endfacet
  facet normal -0.412724 -0.910856 0
    outer loop
      vertex 1.11542 0.206253 1.2
      vertex 1.23463 0.152237 3.6
      vertex 1.11542 0.206253 3.6
    endloop
  endfacet
  facet normal -0.412724 -0.910856 -0
    outer loop
      vertex 1.23463 0.152237 3.6
      vertex 1.11542 0.206253 1.2
      vertex 1.23463 0.152237 1.2
    endloop
  endfacet
  facet normal -0.729873 -0.683583 0
    outer loop
      vertex 0.585785 0.585785 1.2
      vertex 0.496323 0.681305 3.6
      vertex 0.496323 0.681305 1.2
    endloop
  endfacet
  facet normal -0.729873 -0.683583 0
    outer loop
      vertex 0.496323 0.681305 3.6
      vertex 0.585785 0.585785 1.2
      vertex 0.585785 0.585785 3.6
    endloop
  endfacet
  facet normal -0.956972 0.290179 0
    outer loop
      vertex 0.0681458 44.5176 1.2
      vertex 0.10614 44.6429 3.6
      vertex 0.10614 44.6429 1.2
    endloop
  endfacet
  facet normal -0.956972 0.290179 0
    outer loop
      vertex 0.10614 44.6429 3.6
      vertex 0.0681458 44.5176 1.2
      vertex 0.0681458 44.5176 3.6
    endloop
  endfacet
  facet normal 0.987033 -0.160518 0
    outer loop
      vertex 149.962 1.60982 3.6
      vertex 149.983 1.73895 1.2
      vertex 149.983 1.73895 3.6
    endloop
  endfacet
  facet normal 0.987033 -0.160518 0
    outer loop
      vertex 149.983 1.73895 1.2
      vertex 149.962 1.60982 3.6
      vertex 149.962 1.60982 1.2
    endloop
  endfacet
  facet normal 0.685569 -0.728008 0
    outer loop
      vertex 149.319 0.496323 1.2
      vertex 149.414 0.585785 3.6
      vertex 149.319 0.496323 3.6
    endloop
  endfacet
  facet normal 0.685569 -0.728008 0
    outer loop
      vertex 149.414 0.585785 3.6
      vertex 149.319 0.496323 1.2
      vertex 149.414 0.585785 1.2
    endloop
  endfacet
  facet normal 0.773208 0.634153 0
    outer loop
      vertex 149.587 45.2175 3.6
      vertex 149.504 45.3187 1.2
      vertex 149.504 45.3187 3.6
    endloop
  endfacet
  facet normal 0.773208 0.634153 0
    outer loop
      vertex 149.504 45.3187 1.2
      vertex 149.587 45.2175 3.6
      vertex 149.587 45.2175 1.2
    endloop
  endfacet
  facet normal -0.986642 0.162901 0
    outer loop
      vertex 0.0171051 44.261 1.2
      vertex 0.0384369 44.3902 3.6
      vertex 0.0384369 44.3902 1.2
    endloop
  endfacet
  facet normal -0.986642 0.162901 0
    outer loop
      vertex 0.0384369 44.3902 3.6
      vertex 0.0171051 44.261 1.2
      vertex 0.0171051 44.261 3.6
    endloop
  endfacet
  facet normal 0.472179 0.881503 -0
    outer loop
      vertex 149 45.7321 1.2
      vertex 148.885 45.7937 3.6
      vertex 149 45.7321 3.6
    endloop
  endfacet
  facet normal 0.472179 0.881503 0
    outer loop
      vertex 148.885 45.7937 3.6
      vertex 149 45.7321 1.2
      vertex 148.885 45.7937 1.2
    endloop
  endfacet
  facet normal -0.910856 -0.412724 0
    outer loop
      vertex 0.206253 1.11542 1.2
      vertex 0.152237 1.23463 3.6
      vertex 0.152237 1.23463 1.2
    endloop
  endfacet
  facet normal -0.910856 -0.412724 0
    outer loop
      vertex 0.152237 1.23463 3.6
      vertex 0.206253 1.11542 1.2
      vertex 0.206253 1.11542 3.6
    endloop
  endfacet
  facet normal 0.410466 -0.911876 0
    outer loop
      vertex 148.765 0.152237 1.2
      vertex 148.885 0.206253 3.6
      vertex 148.765 0.152237 3.6
    endloop
  endfacet
  facet normal 0.410466 -0.911876 0
    outer loop
      vertex 148.885 0.206253 3.6
      vertex 148.765 0.152237 1.2
      vertex 148.885 0.206253 1.2
    endloop
  endfacet
  facet normal 0.580085 0.814556 -0
    outer loop
      vertex 149.218 45.5867 1.2
      vertex 149.111 45.6629 3.6
      vertex 149.218 45.5867 3.6
    endloop
  endfacet
  facet normal 0.580085 0.814556 0
    outer loop
      vertex 149.111 45.6629 3.6
      vertex 149.218 45.5867 1.2
      vertex 149.111 45.6629 1.2
    endloop
  endfacet
  facet normal 0.936172 0.351542 0
    outer loop
      vertex 149.894 44.6429 3.6
      vertex 149.848 44.7654 1.2
      vertex 149.848 44.7654 3.6
    endloop
  endfacet
  facet normal 0.936172 0.351542 0
    outer loop
      vertex 149.848 44.7654 1.2
      vertex 149.894 44.6429 3.6
      vertex 149.894 44.6429 1.2
    endloop
  endfacet
  facet normal 0.410996 0.911637 -0
    outer loop
      vertex 148.885 45.7937 1.2
      vertex 148.765 45.8478 3.6
      vertex 148.885 45.7937 3.6
    endloop
  endfacet
  facet normal 0.410996 0.911637 0
    outer loop
      vertex 148.765 45.8478 3.6
      vertex 148.885 45.7937 1.2
      vertex 148.765 45.8478 1.2
    endloop
  endfacet
  facet normal 0.956922 -0.290347 0
    outer loop
      vertex 149.894 1.35712 3.6
      vertex 149.932 1.48236 1.2
      vertex 149.932 1.48236 3.6
    endloop
  endfacet
  facet normal 0.956922 -0.290347 0
    outer loop
      vertex 149.932 1.48236 1.2
      vertex 149.894 1.35712 3.6
      vertex 149.894 1.35712 1.2
    endloop
  endfacet
  facet normal -0.881928 -0.471383 0
    outer loop
      vertex 0.267944 1 1.2
      vertex 0.206253 1.11542 3.6
      vertex 0.206253 1.11542 1.2
    endloop
  endfacet
  facet normal -0.881928 -0.471383 0
    outer loop
      vertex 0.206253 1.11542 3.6
      vertex 0.267944 1 1.2
      vertex 0.267944 1 3.6
    endloop
  endfacet
  facet normal 0.973377 0.22921 0
    outer loop
      vertex 149.962 44.3902 3.6
      vertex 149.932 44.5176 1.2
      vertex 149.932 44.5176 3.6
    endloop
  endfacet
  facet normal 0.973377 0.22921 0
    outer loop
      vertex 149.932 44.5176 1.2
      vertex 149.962 44.3902 3.6
      vertex 149.962 44.3902 1.2
    endloop
  endfacet
  facet normal 0.849594 -0.527437 0
    outer loop
      vertex 149.663 0.888855 3.6
      vertex 149.732 1 1.2
      vertex 149.732 1 3.6
    endloop
  endfacet
  facet normal 0.849594 -0.527437 0
    outer loop
      vertex 149.732 1 1.2
      vertex 149.663 0.888855 3.6
      vertex 149.663 0.888855 1.2
    endloop
  endfacet
  facet normal 0.995052 0.0993524 0
    outer loop
      vertex 149.996 44.1308 3.6
      vertex 149.983 44.261 1.2
      vertex 149.983 44.261 3.6
    endloop
  endfacet
  facet normal 0.995052 0.0993524 0
    outer loop
      vertex 149.983 44.261 1.2
      vertex 149.996 44.1308 3.6
      vertex 149.996 44.1308 1.2
    endloop
  endfacet
  facet normal 0.472721 -0.881212 0
    outer loop
      vertex 148.885 0.206253 1.2
      vertex 149 0.267944 3.6
      vertex 148.885 0.206253 3.6
    endloop
  endfacet
  facet normal 0.472721 -0.881212 0
    outer loop
      vertex 149 0.267944 3.6
      vertex 148.885 0.206253 1.2
      vertex 149 0.267944 1.2
    endloop
  endfacet
  facet normal -0.528115 -0.849173 0
    outer loop
      vertex 0.888855 0.337067 1.2
      vertex 1 0.267944 3.6
      vertex 0.888855 0.337067 3.6
    endloop
  endfacet
  facet normal -0.528115 -0.849173 -0
    outer loop
      vertex 1 0.267944 3.6
      vertex 0.888855 0.337067 1.2
      vertex 1 0.267944 1.2
    endloop
  endfacet
  facet normal -0.999463 -0.0327606 0
    outer loop
      vertex 0.00428772 1.86919 1.2
      vertex 0 2 3.6
      vertex 0 2 1.2
    endloop
  endfacet
  facet normal -0.999463 -0.0327606 0
    outer loop
      vertex 0 2 3.6
      vertex 0.00428772 1.86919 1.2
      vertex 0.00428772 1.86919 3.6
    endloop
  endfacet
  facet normal -0.470842 0.882217 0
    outer loop
      vertex 1.11542 45.7937 1.2
      vertex 1 45.7321 3.6
      vertex 1.11542 45.7937 3.6
    endloop
  endfacet
  facet normal -0.470842 0.882217 0
    outer loop
      vertex 1 45.7321 3.6
      vertex 1.11542 45.7937 1.2
      vertex 1 45.7321 1.2
    endloop
  endfacet
  facet normal -0.995189 0.0979702 0
    outer loop
      vertex 0.00428772 44.1308 1.2
      vertex 0.0171051 44.261 3.6
      vertex 0.0171051 44.261 1.2
    endloop
  endfacet
  facet normal -0.995189 0.0979702 0
    outer loop
      vertex 0.0171051 44.261 3.6
      vertex 0.00428772 44.1308 1.2
      vertex 0.00428772 44.1308 3.6
    endloop
  endfacet
  facet normal -0.999463 0.0327631 0
    outer loop
      vertex 0 44 1.2
      vertex 0.00428772 44.1308 3.6
      vertex 0.00428772 44.1308 1.2
    endloop
  endfacet
  facet normal -0.999463 0.0327631 0
    outer loop
      vertex 0.00428772 44.1308 3.6
      vertex 0 44 1.2
      vertex 0 44 3.6
    endloop
  endfacet
  facet normal -0.849173 -0.528115 0
    outer loop
      vertex 0.337067 0.888855 1.2
      vertex 0.267944 1 3.6
      vertex 0.267944 1 1.2
    endloop
  endfacet
  facet normal -0.849173 -0.528115 0
    outer loop
      vertex 0.267944 1 3.6
      vertex 0.337067 0.888855 1.2
      vertex 0.337067 0.888855 3.6
    endloop
  endfacet
  facet normal 0.987047 0.160433 0
    outer loop
      vertex 149.983 44.261 3.6
      vertex 149.962 44.3902 1.2
      vertex 149.962 44.3902 3.6
    endloop
  endfacet
  facet normal 0.987047 0.160433 0
    outer loop
      vertex 149.962 44.3902 1.2
      vertex 149.983 44.261 3.6
      vertex 149.983 44.261 1.2
    endloop
  endfacet
  facet normal 0.635008 -0.772506 0
    outer loop
      vertex 149.218 0.4133 1.2
      vertex 149.319 0.496323 3.6
      vertex 149.218 0.4133 3.6
    endloop
  endfacet
  facet normal 0.635008 -0.772506 0
    outer loop
      vertex 149.319 0.496323 3.6
      vertex 149.218 0.4133 1.2
      vertex 149.319 0.496323 1.2
    endloop
  endfacet
  facet normal -0.973895 -0.226999 0
    outer loop
      vertex 0.0681458 1.48236 1.2
      vertex 0.0384369 1.60982 3.6
      vertex 0.0384369 1.60982 1.2
    endloop
  endfacet
  facet normal -0.973895 -0.226999 0
    outer loop
      vertex 0.0384369 1.60982 3.6
      vertex 0.0681458 1.48236 1.2
      vertex 0.0681458 1.48236 3.6
    endloop
  endfacet
  facet normal -0.956934 -0.290306 0
    outer loop
      vertex 0.10614 1.35712 1.2
      vertex 0.0681458 1.48236 3.6
      vertex 0.0681458 1.48236 1.2
    endloop
  endfacet
  facet normal -0.956934 -0.290306 0
    outer loop
      vertex 0.0681458 1.48236 3.6
      vertex 0.10614 1.35712 1.2
      vertex 0.10614 1.35712 3.6
    endloop
  endfacet
  facet normal -0.812849 -0.582474 0
    outer loop
      vertex 0.4133 0.782471 1.2
      vertex 0.337067 0.888855 3.6
      vertex 0.337067 0.888855 1.2
    endloop
  endfacet
  facet normal -0.812849 -0.582474 0
    outer loop
      vertex 0.337067 0.888855 3.6
      vertex 0.4133 0.782471 1.2
      vertex 0.4133 0.782471 3.6
    endloop
  endfacet
  facet normal 0.727824 -0.685764 0
    outer loop
      vertex 149.414 0.585785 3.6
      vertex 149.504 0.681305 1.2
      vertex 149.504 0.681305 3.6
    endloop
  endfacet
  facet normal 0.727824 -0.685764 0
    outer loop
      vertex 149.504 0.681305 1.2
      vertex 149.414 0.585785 3.6
      vertex 149.414 0.585785 1.2
    endloop
  endfacet
  facet normal 0.634903 0.772592 -0
    outer loop
      vertex 149.319 45.5037 1.2
      vertex 149.218 45.5867 3.6
      vertex 149.319 45.5037 3.6
    endloop
  endfacet
  facet normal 0.634903 0.772592 0
    outer loop
      vertex 149.218 45.5867 3.6
      vertex 149.319 45.5037 1.2
      vertex 149.218 45.5867 1.2
    endloop
  endfacet
  facet normal 0.936163 -0.351567 0
    outer loop
      vertex 149.848 1.23463 3.6
      vertex 149.894 1.35712 1.2
      vertex 149.894 1.35712 3.6
    endloop
  endfacet
  facet normal 0.936163 -0.351567 0
    outer loop
      vertex 149.894 1.35712 1.2
      vertex 149.848 1.23463 3.6
      vertex 149.848 1.23463 1.2
    endloop
  endfacet
  facet normal 0.910902 -0.412622 0
    outer loop
      vertex 149.794 1.11542 3.6
      vertex 149.848 1.23463 1.2
      vertex 149.848 1.23463 3.6
    endloop
  endfacet
  facet normal 0.910902 -0.412622 0
    outer loop
      vertex 149.848 1.23463 1.2
      vertex 149.794 1.11542 3.6
      vertex 149.794 1.11542 1.2
    endloop
  endfacet
  facet normal 0.995055 -0.0993222 0
    outer loop
      vertex 149.983 1.73895 3.6
      vertex 149.996 1.86919 1.2
      vertex 149.996 1.86919 3.6
    endloop
  endfacet
  facet normal 0.995055 -0.0993222 0
    outer loop
      vertex 149.996 1.86919 1.2
      vertex 149.983 1.73895 3.6
      vertex 149.983 1.73895 1.2
    endloop
  endfacet
  facet normal 0.880946 -0.473217 0
    outer loop
      vertex 149.732 1 3.6
      vertex 149.794 1.11542 1.2
      vertex 149.794 1.11542 3.6
    endloop
  endfacet
  facet normal 0.880946 -0.473217 0
    outer loop
      vertex 149.794 1.11542 1.2
      vertex 149.732 1 3.6
      vertex 149.732 1 1.2
    endloop
  endfacet
  facet normal 0.685723 0.727863 -0
    outer loop
      vertex 149.414 45.4142 1.2
      vertex 149.319 45.5037 3.6
      vertex 149.414 45.4142 3.6
    endloop
  endfacet
  facet normal 0.685723 0.727863 0
    outer loop
      vertex 149.319 45.5037 3.6
      vertex 149.414 45.4142 1.2
      vertex 149.319 45.5037 1.2
    endloop
  endfacet
  facet normal -0.935928 0.352192 0
    outer loop
      vertex 0.10614 44.6429 1.2
      vertex 0.152237 44.7654 3.6
      vertex 0.152237 44.7654 1.2
    endloop
  endfacet
  facet normal -0.935928 0.352192 0
    outer loop
      vertex 0.152237 44.7654 3.6
      vertex 0.10614 44.6429 1.2
      vertex 0.10614 44.6429 3.6
    endloop
  endfacet
  facet normal -0.683583 -0.729873 0
    outer loop
      vertex 0.585785 0.585785 1.2
      vertex 0.681305 0.496323 3.6
      vertex 0.585785 0.585785 3.6
    endloop
  endfacet
  facet normal -0.683583 -0.729873 -0
    outer loop
      vertex 0.681305 0.496323 3.6
      vertex 0.585785 0.585785 1.2
      vertex 0.681305 0.496323 1.2
    endloop
  endfacet
  facet normal -0.995192 -0.0979404 0
    outer loop
      vertex 0.0171051 1.73895 1.2
      vertex 0.00428772 1.86919 3.6
      vertex 0.00428772 1.86919 1.2
    endloop
  endfacet
  facet normal -0.995192 -0.0979404 0
    outer loop
      vertex 0.00428772 1.86919 3.6
      vertex 0.0171051 1.73895 1.2
      vertex 0.0171051 1.73895 3.6
    endloop
  endfacet
  facet normal 0.773103 -0.63428 0
    outer loop
      vertex 149.504 0.681305 3.6
      vertex 149.587 0.782471 1.2
      vertex 149.587 0.782471 3.6
    endloop
  endfacet
  facet normal 0.773103 -0.63428 0
    outer loop
      vertex 149.587 0.782471 1.2
      vertex 149.504 0.681305 3.6
      vertex 149.504 0.681305 1.2
    endloop
  endfacet
  facet normal 0.813692 -0.581296 0
    outer loop
      vertex 149.587 0.782471 3.6
      vertex 149.663 0.888855 1.2
      vertex 149.663 0.888855 3.6
    endloop
  endfacet
  facet normal 0.813692 -0.581296 0
    outer loop
      vertex 149.663 0.888855 1.2
      vertex 149.587 0.782471 3.6
      vertex 149.587 0.782471 1.2
    endloop
  endfacet
  facet normal -0.986628 -0.162987 0
    outer loop
      vertex 0.0384369 1.60982 1.2
      vertex 0.0171051 1.73895 3.6
      vertex 0.0171051 1.73895 1.2
    endloop
  endfacet
  facet normal -0.986628 -0.162987 0
    outer loop
      vertex 0.0171051 1.73895 3.6
      vertex 0.0384369 1.60982 1.2
      vertex 0.0384369 1.60982 3.6
    endloop
  endfacet
  facet normal 0.290816 -0.956779 0
    outer loop
      vertex 148.518 0.0681458 1.2
      vertex 148.643 0.10614 3.6
      vertex 148.518 0.0681458 3.6
    endloop
  endfacet
  facet normal 0.290816 -0.956779 0
    outer loop
      vertex 148.643 0.10614 3.6
      vertex 148.518 0.0681458 1.2
      vertex 148.643 0.10614 1.2
    endloop
  endfacet
  facet normal 0 0 1
    outer loop
      vertex 147.487 43.1175 3.6
      vertex 150 44 3.6
      vertex 149.996 44.1308 3.6
    endloop
  endfacet
  facet normal 0 0 1
    outer loop
      vertex 150 44 3.6
      vertex 147.9 41.9 3.6
      vertex 150 2 3.6
    endloop
  endfacet
  facet normal 0 0 1
    outer loop
      vertex 147.487 43.1175 3.6
      vertex 149.996 44.1308 3.6
      vertex 149.983 44.261 3.6
    endloop
  endfacet
  facet normal -0 0 1
    outer loop
      vertex 147.9 4.1 3.6
      vertex 150 2 3.6
      vertex 147.9 41.9 3.6
    endloop
  endfacet
  facet normal 0 0 1
    outer loop
      vertex 147.487 43.1175 3.6
      vertex 149.983 44.261 3.6
      vertex 149.962 44.3902 3.6
    endloop
  endfacet
  facet normal -0 0 1
    outer loop
      vertex 147.896 3.96919 3.6
      vertex 150 2 3.6
      vertex 147.9 4.1 3.6
    endloop
  endfacet
  facet normal 0 0 1
    outer loop
      vertex 147.404 43.2187 3.6
      vertex 149.962 44.3902 3.6
      vertex 149.932 44.5176 3.6
    endloop
  endfacet
  facet normal -0 0 1
    outer loop
      vertex 147.883 3.83895 3.6
      vertex 150 2 3.6
      vertex 147.896 3.96919 3.6
    endloop
  endfacet
  facet normal 0 0 1
    outer loop
      vertex 147.404 43.2187 3.6
      vertex 149.932 44.5176 3.6
      vertex 149.894 44.6429 3.6
    endloop
  endfacet
  facet normal -0 0 1
    outer loop
      vertex 147.862 3.70982 3.6
      vertex 150 2 3.6
      vertex 147.883 3.83895 3.6
    endloop
  endfacet
  facet normal 0 0 1
    outer loop
      vertex 147.404 43.2187 3.6
      vertex 149.894 44.6429 3.6
      vertex 149.848 44.7654 3.6
    endloop
  endfacet
  facet normal -0 0 1
    outer loop
      vertex 147.832 3.58236 3.6
      vertex 150 2 3.6
      vertex 147.862 3.70982 3.6
    endloop
  endfacet
  facet normal 0 0 1
    outer loop
      vertex 147.404 43.2187 3.6
      vertex 149.848 44.7654 3.6
      vertex 149.794 44.8846 3.6
    endloop
  endfacet
  facet normal -0 0 1
    outer loop
      vertex 147.794 3.45712 3.6
      vertex 150 2 3.6
      vertex 147.832 3.58236 3.6
    endloop
  endfacet
  facet normal 0 0 1
    outer loop
      vertex 147.404 43.2187 3.6
      vertex 149.794 44.8846 3.6
      vertex 149.732 45 3.6
    endloop
  endfacet
  facet normal -0 0 1
    outer loop
      vertex 147.748 3.33463 3.6
      vertex 150 2 3.6
      vertex 147.794 3.45712 3.6
    endloop
  endfacet
  facet normal 0 0 1
    outer loop
      vertex 147.404 43.2187 3.6
      vertex 149.732 45 3.6
      vertex 149.663 45.1111 3.6
    endloop
  endfacet
  facet normal -0 0 1
    outer loop
      vertex 147.694 3.21542 3.6
      vertex 150 2 3.6
      vertex 147.748 3.33463 3.6
    endloop
  endfacet
  facet normal 0 0 1
    outer loop
      vertex 147.314 43.3142 3.6
      vertex 149.663 45.1111 3.6
      vertex 149.587 45.2175 3.6
    endloop
  endfacet
  facet normal -0 0 1
    outer loop
      vertex 147.632 3.1 3.6
      vertex 150 2 3.6
      vertex 147.694 3.21542 3.6
    endloop
  endfacet
  facet normal 0 0 1
    outer loop
      vertex 147.314 43.3142 3.6
      vertex 149.587 45.2175 3.6
      vertex 149.504 45.3187 3.6
    endloop
  endfacet
  facet normal -0 0 1
    outer loop
      vertex 147.563 2.98885 3.6
      vertex 150 2 3.6
      vertex 147.632 3.1 3.6
    endloop
  endfacet
  facet normal 0 0 1
    outer loop
      vertex 147.314 43.3142 3.6
      vertex 149.504 45.3187 3.6
      vertex 149.414 45.4142 3.6
    endloop
  endfacet
  facet normal -0 0 1
    outer loop
      vertex 147.487 2.88247 3.6
      vertex 150 2 3.6
      vertex 147.563 2.98885 3.6
    endloop
  endfacet
  facet normal 0 0 1
    outer loop
      vertex 147.314 43.3142 3.6
      vertex 149.414 45.4142 3.6
      vertex 149.319 45.5037 3.6
    endloop
  endfacet
  facet normal 0 0 1
    outer loop
      vertex 150 2 3.6
      vertex 147.487 2.88247 3.6
      vertex 149.996 1.86919 3.6
    endloop
  endfacet
  facet normal 0 0 1
    outer loop
      vertex 147.314 43.3142 3.6
      vertex 149.319 45.5037 3.6
      vertex 149.218 45.5867 3.6
    endloop
  endfacet
  facet normal 0 0 1
    outer loop
      vertex 149.996 1.86919 3.6
      vertex 147.487 2.88247 3.6
      vertex 149.983 1.73895 3.6
    endloop
  endfacet
  facet normal 0 0 1
    outer loop
      vertex 147.314 43.3142 3.6
      vertex 149.218 45.5867 3.6
      vertex 149.111 45.6629 3.6
    endloop
  endfacet
  facet normal 0 0 1
    outer loop
      vertex 149.983 1.73895 3.6
      vertex 147.487 2.88247 3.6
      vertex 149.962 1.60982 3.6
    endloop
  endfacet
  facet normal 0 0 1
    outer loop
      vertex 147.314 43.3142 3.6
      vertex 149.111 45.6629 3.6
      vertex 149 45.7321 3.6
    endloop
  endfacet
  facet normal -0 0 1
    outer loop
      vertex 147.404 2.7813 3.6
      vertex 149.962 1.60982 3.6
      vertex 147.487 2.88247 3.6
    endloop
  endfacet
  facet normal 0 0 1
    outer loop
      vertex 147.219 43.4037 3.6
      vertex 149 45.7321 3.6
      vertex 148.885 45.7937 3.6
    endloop
  endfacet
  facet normal 0 0 1
    outer loop
      vertex 149.962 1.60982 3.6
      vertex 147.404 2.7813 3.6
      vertex 149.932 1.48236 3.6
    endloop
  endfacet
  facet normal 0 0 1
    outer loop
      vertex 147.219 43.4037 3.6
      vertex 148.885 45.7937 3.6
      vertex 148.765 45.8478 3.6
    endloop
  endfacet
  facet normal 0 0 1
    outer loop
      vertex 149.932 1.48236 3.6
      vertex 147.404 2.7813 3.6
      vertex 149.894 1.35712 3.6
    endloop
  endfacet
  facet normal 0 0 1
    outer loop
      vertex 147.219 43.4037 3.6
      vertex 148.765 45.8478 3.6
      vertex 148.643 45.8939 3.6
    endloop
  endfacet
  facet normal 0 0 1
    outer loop
      vertex 149.894 1.35712 3.6
      vertex 147.404 2.7813 3.6
      vertex 149.848 1.23463 3.6
    endloop
  endfacet
  facet normal 0 0 1
    outer loop
      vertex 147.219 43.4037 3.6
      vertex 148.643 45.8939 3.6
      vertex 148.518 45.9319 3.6
    endloop
  endfacet
  facet normal 0 0 1
    outer loop
      vertex 149.848 1.23463 3.6
      vertex 147.404 2.7813 3.6
      vertex 149.794 1.11542 3.6
    endloop
  endfacet
  facet normal 0 0 1
    outer loop
      vertex 147.219 43.4037 3.6
      vertex 148.518 45.9319 3.6
      vertex 148.39 45.9616 3.6
    endloop
  endfacet
  facet normal 0 0 1
    outer loop
      vertex 149.794 1.11542 3.6
      vertex 147.404 2.7813 3.6
      vertex 149.732 1 3.6
    endloop
  endfacet
  facet normal 0 0 1
    outer loop
      vertex 147.219 43.4037 3.6
      vertex 148.39 45.9616 3.6
      vertex 148.261 45.9829 3.6
    endloop
  endfacet
  facet normal 0 0 1
    outer loop
      vertex 149.732 1 3.6
      vertex 147.404 2.7813 3.6
      vertex 149.663 0.888855 3.6
    endloop
  endfacet
  facet normal 0 0 1
    outer loop
      vertex 147.118 43.4867 3.6
      vertex 148.261 45.9829 3.6
      vertex 148.131 45.9957 3.6
    endloop
  endfacet
  facet normal -0 0 1
    outer loop
      vertex 147.314 2.68578 3.6
      vertex 149.663 0.888855 3.6
      vertex 147.404 2.7813 3.6
    endloop
  endfacet
  facet normal 0 0 1
    outer loop
      vertex 147.118 43.4867 3.6
      vertex 148.131 45.9957 3.6
      vertex 148 46 3.6
    endloop
  endfacet
  facet normal 0 0 1
    outer loop
      vertex 149.663 0.888855 3.6
      vertex 147.314 2.68578 3.6
      vertex 149.587 0.782471 3.6
    endloop
  endfacet
  facet normal 0 0 1
    outer loop
      vertex 149.587 0.782471 3.6
      vertex 147.314 2.68578 3.6
      vertex 149.504 0.681305 3.6
    endloop
  endfacet
  facet normal 0 0 1
    outer loop
      vertex 150 44 3.6
      vertex 147.896 42.0308 3.6
      vertex 147.9 41.9 3.6
    endloop
  endfacet
  facet normal 0 0 1
    outer loop
      vertex 150 44 3.6
      vertex 147.883 42.161 3.6
      vertex 147.896 42.0308 3.6
    endloop
  endfacet
  facet normal 0 0 1
    outer loop
      vertex 150 44 3.6
      vertex 147.862 42.2902 3.6
      vertex 147.883 42.161 3.6
    endloop
  endfacet
  facet normal 0 0 1
    outer loop
      vertex 150 44 3.6
      vertex 147.832 42.4176 3.6
      vertex 147.862 42.2902 3.6
    endloop
  endfacet
  facet normal 0 0 1
    outer loop
      vertex 150 44 3.6
      vertex 147.794 42.5429 3.6
      vertex 147.832 42.4176 3.6
    endloop
  endfacet
  facet normal 0 0 1
    outer loop
      vertex 150 44 3.6
      vertex 147.748 42.6654 3.6
      vertex 147.794 42.5429 3.6
    endloop
  endfacet
  facet normal 0 0 1
    outer loop
      vertex 150 44 3.6
      vertex 147.694 42.7846 3.6
      vertex 147.748 42.6654 3.6
    endloop
  endfacet
  facet normal 0 0 1
    outer loop
      vertex 150 44 3.6
      vertex 147.632 42.9 3.6
      vertex 147.694 42.7846 3.6
    endloop
  endfacet
  facet normal 0 0 1
    outer loop
      vertex 150 44 3.6
      vertex 147.563 43.0111 3.6
      vertex 147.632 42.9 3.6
    endloop
  endfacet
  facet normal 0 0 1
    outer loop
      vertex 150 44 3.6
      vertex 147.487 43.1175 3.6
      vertex 147.563 43.0111 3.6
    endloop
  endfacet
  facet normal 0 0 1
    outer loop
      vertex 149.962 44.3902 3.6
      vertex 147.404 43.2187 3.6
      vertex 147.487 43.1175 3.6
    endloop
  endfacet
  facet normal 0 0 1
    outer loop
      vertex 149.663 45.1111 3.6
      vertex 147.314 43.3142 3.6
      vertex 147.404 43.2187 3.6
    endloop
  endfacet
  facet normal 0 0 1
    outer loop
      vertex 149 45.7321 3.6
      vertex 147.219 43.4037 3.6
      vertex 147.314 43.3142 3.6
    endloop
  endfacet
  facet normal 0 0 1
    outer loop
      vertex 148.261 45.9829 3.6
      vertex 147.118 43.4867 3.6
      vertex 147.219 43.4037 3.6
    endloop
  endfacet
  facet normal 0 0 1
    outer loop
      vertex 148 46 3.6
      vertex 147.011 43.5629 3.6
      vertex 147.118 43.4867 3.6
    endloop
  endfacet
  facet normal 0 0 1
    outer loop
      vertex 148 46 3.6
      vertex 146.9 43.632 3.6
      vertex 147.011 43.5629 3.6
    endloop
  endfacet
  facet normal 0 0 1
    outer loop
      vertex 148 46 3.6
      vertex 146.785 43.6937 3.6
      vertex 146.9 43.632 3.6
    endloop
  endfacet
  facet normal 0 0 1
    outer loop
      vertex 148 46 3.6
      vertex 146.665 43.7477 3.6
      vertex 146.785 43.6937 3.6
    endloop
  endfacet
  facet normal 0 0 1
    outer loop
      vertex 148 46 3.6
      vertex 146.543 43.7938 3.6
      vertex 146.665 43.7477 3.6
    endloop
  endfacet
  facet normal 0 0 1
    outer loop
      vertex 148 46 3.6
      vertex 146.418 43.8318 3.6
      vertex 146.543 43.7938 3.6
    endloop
  endfacet
  facet normal 0 0 1
    outer loop
      vertex 148 46 3.6
      vertex 146.29 43.8615 3.6
      vertex 146.418 43.8318 3.6
    endloop
  endfacet
  facet normal 0 0 1
    outer loop
      vertex 148 46 3.6
      vertex 146.161 43.8829 3.6
      vertex 146.29 43.8615 3.6
    endloop
  endfacet
  facet normal 0 0 1
    outer loop
      vertex 148 46 3.6
      vertex 146.031 43.8957 3.6
      vertex 146.161 43.8829 3.6
    endloop
  endfacet
  facet normal 0 0 1
    outer loop
      vertex 148 46 3.6
      vertex 145.9 43.9 3.6
      vertex 146.031 43.8957 3.6
    endloop
  endfacet
  facet normal 0 0 1
    outer loop
      vertex 148 46 3.6
      vertex 4.1 43.9 3.6
      vertex 145.9 43.9 3.6
    endloop
  endfacet
  facet normal 0 0 1
    outer loop
      vertex 2.10429 42.0308 3.6
      vertex 0 44 3.6
      vertex 2.1 41.9 3.6
    endloop
  endfacet
  facet normal 0 0 1
    outer loop
      vertex 2.1171 42.161 3.6
      vertex 0 44 3.6
      vertex 2.10429 42.0308 3.6
    endloop
  endfacet
  facet normal 0 0 1
    outer loop
      vertex 2.13844 42.2902 3.6
      vertex 0 44 3.6
      vertex 2.1171 42.161 3.6
    endloop
  endfacet
  facet normal 0 0 1
    outer loop
      vertex 2.16815 42.4176 3.6
      vertex 0 44 3.6
      vertex 2.13844 42.2902 3.6
    endloop
  endfacet
  facet normal 0 0 1
    outer loop
      vertex 2.20614 42.5429 3.6
      vertex 0 44 3.6
      vertex 2.16815 42.4176 3.6
    endloop
  endfacet
  facet normal 0 0 1
    outer loop
      vertex 2.25224 42.6654 3.6
      vertex 0 44 3.6
      vertex 2.20614 42.5429 3.6
    endloop
  endfacet
  facet normal 0 0 1
    outer loop
      vertex 2.30625 42.7846 3.6
      vertex 0 44 3.6
      vertex 2.25224 42.6654 3.6
    endloop
  endfacet
  facet normal 0 0 1
    outer loop
      vertex 2.36794 42.9 3.6
      vertex 0 44 3.6
      vertex 2.30625 42.7846 3.6
    endloop
  endfacet
  facet normal 0 0 1
    outer loop
      vertex 2.43707 43.0111 3.6
      vertex 0 44 3.6
      vertex 2.36794 42.9 3.6
    endloop
  endfacet
  facet normal 0 0 1
    outer loop
      vertex 2.5133 43.1175 3.6
      vertex 0 44 3.6
      vertex 2.43707 43.0111 3.6
    endloop
  endfacet
  facet normal 0 0 1
    outer loop
      vertex 2.59632 43.2187 3.6
      vertex 0 44 3.6
      vertex 2.5133 43.1175 3.6
    endloop
  endfacet
  facet normal 0 0 1
    outer loop
      vertex 2.68578 43.3142 3.6
      vertex 0 44 3.6
      vertex 2.59632 43.2187 3.6
    endloop
  endfacet
  facet normal -0 0 1
    outer loop
      vertex 0 44 3.6
      vertex 2.68578 43.3142 3.6
      vertex 2 46 3.6
    endloop
  endfacet
  facet normal 0 0 1
    outer loop
      vertex 2.7813 43.4037 3.6
      vertex 2 46 3.6
      vertex 2.68578 43.3142 3.6
    endloop
  endfacet
  facet normal 0 0 1
    outer loop
      vertex 2.88247 43.4867 3.6
      vertex 2 46 3.6
      vertex 2.7813 43.4037 3.6
    endloop
  endfacet
  facet normal 0 0 1
    outer loop
      vertex 2.98885 43.5629 3.6
      vertex 2 46 3.6
      vertex 2.88247 43.4867 3.6
    endloop
  endfacet
  facet normal 0 0 1
    outer loop
      vertex 3.1 43.632 3.6
      vertex 2 46 3.6
      vertex 2.98885 43.5629 3.6
    endloop
  endfacet
  facet normal 0 0 1
    outer loop
      vertex 3.21542 43.6937 3.6
      vertex 2 46 3.6
      vertex 3.1 43.632 3.6
    endloop
  endfacet
  facet normal 0 0 1
    outer loop
      vertex 3.33463 43.7477 3.6
      vertex 2 46 3.6
      vertex 3.21542 43.6937 3.6
    endloop
  endfacet
  facet normal 0 0 1
    outer loop
      vertex 3.45712 43.7938 3.6
      vertex 2 46 3.6
      vertex 3.33463 43.7477 3.6
    endloop
  endfacet
  facet normal 0 0 1
    outer loop
      vertex 3.58236 43.8318 3.6
      vertex 2 46 3.6
      vertex 3.45712 43.7938 3.6
    endloop
  endfacet
  facet normal 0 0 1
    outer loop
      vertex 3.70982 43.8615 3.6
      vertex 2 46 3.6
      vertex 3.58236 43.8318 3.6
    endloop
  endfacet
  facet normal 0 0 1
    outer loop
      vertex 3.83895 43.8829 3.6
      vertex 2 46 3.6
      vertex 3.70982 43.8615 3.6
    endloop
  endfacet
  facet normal 0 0 1
    outer loop
      vertex 3.96919 43.8957 3.6
      vertex 2 46 3.6
      vertex 3.83895 43.8829 3.6
    endloop
  endfacet
  facet normal 0 0 1
    outer loop
      vertex 4.1 43.9 3.6
      vertex 2 46 3.6
      vertex 3.96919 43.8957 3.6
    endloop
  endfacet
  facet normal -0 0 1
    outer loop
      vertex 2 46 3.6
      vertex 4.1 43.9 3.6
      vertex 148 46 3.6
    endloop
  endfacet
  facet normal 0 0 1
    outer loop
      vertex 149.504 0.681305 3.6
      vertex 147.314 2.68578 3.6
      vertex 149.414 0.585785 3.6
    endloop
  endfacet
  facet normal 0 0 1
    outer loop
      vertex 149.414 0.585785 3.6
      vertex 147.314 2.68578 3.6
      vertex 149.319 0.496323 3.6
    endloop
  endfacet
  facet normal 0 0 1
    outer loop
      vertex 149.319 0.496323 3.6
      vertex 147.314 2.68578 3.6
      vertex 149.218 0.4133 3.6
    endloop
  endfacet
  facet normal 0 0 1
    outer loop
      vertex 149.218 0.4133 3.6
      vertex 147.314 2.68578 3.6
      vertex 149.111 0.337067 3.6
    endloop
  endfacet
  facet normal 0 0 1
    outer loop
      vertex 149.111 0.337067 3.6
      vertex 147.314 2.68578 3.6
      vertex 149 0.267944 3.6
    endloop
  endfacet
  facet normal -0 0 1
    outer loop
      vertex 147.219 2.59632 3.6
      vertex 149 0.267944 3.6
      vertex 147.314 2.68578 3.6
    endloop
  endfacet
  facet normal 0 0 1
    outer loop
      vertex 149 0.267944 3.6
      vertex 147.219 2.59632 3.6
      vertex 148.885 0.206253 3.6
    endloop
  endfacet
  facet normal 0 0 1
    outer loop
      vertex 148.885 0.206253 3.6
      vertex 147.219 2.59632 3.6
      vertex 148.765 0.152237 3.6
    endloop
  endfacet
  facet normal 0 0 1
    outer loop
      vertex 148.765 0.152237 3.6
      vertex 147.219 2.59632 3.6
      vertex 148.643 0.10614 3.6
    endloop
  endfacet
  facet normal 0 0 1
    outer loop
      vertex 148.643 0.10614 3.6
      vertex 147.219 2.59632 3.6
      vertex 148.518 0.0681458 3.6
    endloop
  endfacet
  facet normal 0 0 1
    outer loop
      vertex 148.518 0.0681458 3.6
      vertex 147.219 2.59632 3.6
      vertex 148.39 0.0384369 3.6
    endloop
  endfacet
  facet normal 0 0 1
    outer loop
      vertex 148.39 0.0384369 3.6
      vertex 147.219 2.59632 3.6
      vertex 148.261 0.0171051 3.6
    endloop
  endfacet
  facet normal -0 0 1
    outer loop
      vertex 147.118 2.5133 3.6
      vertex 148.261 0.0171051 3.6
      vertex 147.219 2.59632 3.6
    endloop
  endfacet
  facet normal 0 0 1
    outer loop
      vertex 148.261 0.0171051 3.6
      vertex 147.118 2.5133 3.6
      vertex 148.131 0.00428772 3.6
    endloop
  endfacet
  facet normal 0 0 1
    outer loop
      vertex 148.131 0.00428772 3.6
      vertex 147.118 2.5133 3.6
      vertex 148 0 3.6
    endloop
  endfacet
  facet normal -0 0 1
    outer loop
      vertex 147.011 2.43707 3.6
      vertex 148 0 3.6
      vertex 147.118 2.5133 3.6
    endloop
  endfacet
  facet normal -0 0 1
    outer loop
      vertex 146.9 2.36794 3.6
      vertex 148 0 3.6
      vertex 147.011 2.43707 3.6
    endloop
  endfacet
  facet normal -0 0 1
    outer loop
      vertex 146.785 2.30625 3.6
      vertex 148 0 3.6
      vertex 146.9 2.36794 3.6
    endloop
  endfacet
  facet normal -0 0 1
    outer loop
      vertex 146.665 2.25224 3.6
      vertex 148 0 3.6
      vertex 146.785 2.30625 3.6
    endloop
  endfacet
  facet normal -0 0 1
    outer loop
      vertex 146.543 2.20614 3.6
      vertex 148 0 3.6
      vertex 146.665 2.25224 3.6
    endloop
  endfacet
  facet normal -0 0 1
    outer loop
      vertex 146.418 2.16815 3.6
      vertex 148 0 3.6
      vertex 146.543 2.20614 3.6
    endloop
  endfacet
  facet normal -0 0 1
    outer loop
      vertex 146.29 2.13844 3.6
      vertex 148 0 3.6
      vertex 146.418 2.16815 3.6
    endloop
  endfacet
  facet normal -0 0 1
    outer loop
      vertex 146.161 2.1171 3.6
      vertex 148 0 3.6
      vertex 146.29 2.13844 3.6
    endloop
  endfacet
  facet normal -0 0 1
    outer loop
      vertex 146.031 2.10429 3.6
      vertex 148 0 3.6
      vertex 146.161 2.1171 3.6
    endloop
  endfacet
  facet normal -0 0 1
    outer loop
      vertex 145.9 2.1 3.6
      vertex 148 0 3.6
      vertex 146.031 2.10429 3.6
    endloop
  endfacet
  facet normal -0 0 1
    outer loop
      vertex 4.1 2.1 3.6
      vertex 148 0 3.6
      vertex 145.9 2.1 3.6
    endloop
  endfacet
  facet normal 0 0 1
    outer loop
      vertex 4.1 2.1 3.6
      vertex 2 0 3.6
      vertex 148 0 3.6
    endloop
  endfacet
  facet normal 0 0 1
    outer loop
      vertex 3.96919 2.10429 3.6
      vertex 2 0 3.6
      vertex 4.1 2.1 3.6
    endloop
  endfacet
  facet normal 0 0 1
    outer loop
      vertex 3.83895 2.1171 3.6
      vertex 2 0 3.6
      vertex 3.96919 2.10429 3.6
    endloop
  endfacet
  facet normal 0 0 1
    outer loop
      vertex 3.70982 2.13844 3.6
      vertex 2 0 3.6
      vertex 3.83895 2.1171 3.6
    endloop
  endfacet
  facet normal 0 0 1
    outer loop
      vertex 3.58236 2.16815 3.6
      vertex 2 0 3.6
      vertex 3.70982 2.13844 3.6
    endloop
  endfacet
  facet normal 0 0 1
    outer loop
      vertex 3.45712 2.20614 3.6
      vertex 2 0 3.6
      vertex 3.58236 2.16815 3.6
    endloop
  endfacet
  facet normal 0 0 1
    outer loop
      vertex 3.33463 2.25224 3.6
      vertex 2 0 3.6
      vertex 3.45712 2.20614 3.6
    endloop
  endfacet
  facet normal 0 0 1
    outer loop
      vertex 3.21542 2.30625 3.6
      vertex 2 0 3.6
      vertex 3.33463 2.25224 3.6
    endloop
  endfacet
  facet normal 0 0 1
    outer loop
      vertex 3.1 2.36794 3.6
      vertex 2 0 3.6
      vertex 3.21542 2.30625 3.6
    endloop
  endfacet
  facet normal 0 0 1
    outer loop
      vertex 2.98885 2.43707 3.6
      vertex 2 0 3.6
      vertex 3.1 2.36794 3.6
    endloop
  endfacet
  facet normal 0 0 1
    outer loop
      vertex 2.88247 2.5133 3.6
      vertex 2 0 3.6
      vertex 2.98885 2.43707 3.6
    endloop
  endfacet
  facet normal 0 0 1
    outer loop
      vertex 1.73895 0.0171051 3.6
      vertex 2.88247 2.5133 3.6
      vertex 2.7813 2.59632 3.6
    endloop
  endfacet
  facet normal 0 0 1
    outer loop
      vertex 1 0.267944 3.6
      vertex 2.7813 2.59632 3.6
      vertex 2.68578 2.68578 3.6
    endloop
  endfacet
  facet normal 0 0 1
    outer loop
      vertex 0.337067 0.888855 3.6
      vertex 2.68578 2.68578 3.6
      vertex 2.59632 2.7813 3.6
    endloop
  endfacet
  facet normal 0 0 1
    outer loop
      vertex 0.0384369 1.60982 3.6
      vertex 2.59632 2.7813 3.6
      vertex 2.5133 2.88247 3.6
    endloop
  endfacet
  facet normal 0 0 1
    outer loop
      vertex 0 2 3.6
      vertex 2.5133 2.88247 3.6
      vertex 2.43707 2.98885 3.6
    endloop
  endfacet
  facet normal 0 0 1
    outer loop
      vertex 0 2 3.6
      vertex 2.43707 2.98885 3.6
      vertex 2.36794 3.1 3.6
    endloop
  endfacet
  facet normal 0 0 1
    outer loop
      vertex 0 2 3.6
      vertex 2.36794 3.1 3.6
      vertex 2.30625 3.21542 3.6
    endloop
  endfacet
  facet normal 0 0 1
    outer loop
      vertex 0 2 3.6
      vertex 2.30625 3.21542 3.6
      vertex 2.25224 3.33463 3.6
    endloop
  endfacet
  facet normal 0 0 1
    outer loop
      vertex 0 2 3.6
      vertex 2.25224 3.33463 3.6
      vertex 2.20614 3.45712 3.6
    endloop
  endfacet
  facet normal 0 0 1
    outer loop
      vertex 0 2 3.6
      vertex 2.20614 3.45712 3.6
      vertex 2.16815 3.58236 3.6
    endloop
  endfacet
  facet normal 0 0 1
    outer loop
      vertex 0 2 3.6
      vertex 2.16815 3.58236 3.6
      vertex 2.13844 3.70982 3.6
    endloop
  endfacet
  facet normal 0 0 1
    outer loop
      vertex 0 2 3.6
      vertex 2.13844 3.70982 3.6
      vertex 2.1171 3.83895 3.6
    endloop
  endfacet
  facet normal 0 0 1
    outer loop
      vertex 0 2 3.6
      vertex 2.1171 3.83895 3.6
      vertex 2.10429 3.96919 3.6
    endloop
  endfacet
  facet normal 0 0 1
    outer loop
      vertex 0 2 3.6
      vertex 2.10429 3.96919 3.6
      vertex 2.1 4.1 3.6
    endloop
  endfacet
  facet normal 0 0 1
    outer loop
      vertex 2.1 41.9 3.6
      vertex 0 44 3.6
      vertex 2.1 4.1 3.6
    endloop
  endfacet
  facet normal 0 0 1
    outer loop
      vertex 0 44 3.6
      vertex 2 46 3.6
      vertex 1.86919 45.9957 3.6
    endloop
  endfacet
  facet normal 0 0 1
    outer loop
      vertex 0 2 3.6
      vertex 2.1 4.1 3.6
      vertex 0 44 3.6
    endloop
  endfacet
  facet normal 0 0 1
    outer loop
      vertex 0 44 3.6
      vertex 1.86919 45.9957 3.6
      vertex 1.73895 45.9829 3.6
    endloop
  endfacet
  facet normal 0 0 1
    outer loop
      vertex 2.5133 2.88247 3.6
      vertex 0 2 3.6
      vertex 0.00428772 1.86919 3.6
    endloop
  endfacet
  facet normal 0 0 1
    outer loop
      vertex 0 44 3.6
      vertex 1.73895 45.9829 3.6
      vertex 1.60982 45.9616 3.6
    endloop
  endfacet
  facet normal 0 0 1
    outer loop
      vertex 2.88247 2.5133 3.6
      vertex 1.86919 0.00428772 3.6
      vertex 2 0 3.6
    endloop
  endfacet
  facet normal 0 0 1
    outer loop
      vertex 0 44 3.6
      vertex 1.60982 45.9616 3.6
      vertex 1.48236 45.9319 3.6
    endloop
  endfacet
  facet normal 0 0 1
    outer loop
      vertex 2.88247 2.5133 3.6
      vertex 1.73895 0.0171051 3.6
      vertex 1.86919 0.00428772 3.6
    endloop
  endfacet
  facet normal 0 0 1
    outer loop
      vertex 0 44 3.6
      vertex 1.48236 45.9319 3.6
      vertex 1.35712 45.8939 3.6
    endloop
  endfacet
  facet normal 0 0 1
    outer loop
      vertex 2.7813 2.59632 3.6
      vertex 1.60982 0.0384369 3.6
      vertex 1.73895 0.0171051 3.6
    endloop
  endfacet
  facet normal 0 0 1
    outer loop
      vertex 0 44 3.6
      vertex 1.35712 45.8939 3.6
      vertex 1.23463 45.8478 3.6
    endloop
  endfacet
  facet normal 0 0 1
    outer loop
      vertex 2.7813 2.59632 3.6
      vertex 1.48236 0.0681458 3.6
      vertex 1.60982 0.0384369 3.6
    endloop
  endfacet
  facet normal 0 0 1
    outer loop
      vertex 0 44 3.6
      vertex 1.23463 45.8478 3.6
      vertex 1.11542 45.7937 3.6
    endloop
  endfacet
  facet normal 0 0 1
    outer loop
      vertex 2.7813 2.59632 3.6
      vertex 1.35712 0.10614 3.6
      vertex 1.48236 0.0681458 3.6
    endloop
  endfacet
  facet normal 0 0 1
    outer loop
      vertex 0 44 3.6
      vertex 1.11542 45.7937 3.6
      vertex 1 45.7321 3.6
    endloop
  endfacet
  facet normal 0 0 1
    outer loop
      vertex 2.7813 2.59632 3.6
      vertex 1.23463 0.152237 3.6
      vertex 1.35712 0.10614 3.6
    endloop
  endfacet
  facet normal 0 0 1
    outer loop
      vertex 0 44 3.6
      vertex 1 45.7321 3.6
      vertex 0.888855 45.6629 3.6
    endloop
  endfacet
  facet normal 0 0 1
    outer loop
      vertex 2.7813 2.59632 3.6
      vertex 1.11542 0.206253 3.6
      vertex 1.23463 0.152237 3.6
    endloop
  endfacet
  facet normal 0 0 1
    outer loop
      vertex 0 44 3.6
      vertex 0.888855 45.6629 3.6
      vertex 0.782471 45.5867 3.6
    endloop
  endfacet
  facet normal 0 0 1
    outer loop
      vertex 2.7813 2.59632 3.6
      vertex 1 0.267944 3.6
      vertex 1.11542 0.206253 3.6
    endloop
  endfacet
  facet normal 0 0 1
    outer loop
      vertex 0 44 3.6
      vertex 0.782471 45.5867 3.6
      vertex 0.681305 45.5037 3.6
    endloop
  endfacet
  facet normal 0 0 1
    outer loop
      vertex 2.68578 2.68578 3.6
      vertex 0.888855 0.337067 3.6
      vertex 1 0.267944 3.6
    endloop
  endfacet
  facet normal 0 0 1
    outer loop
      vertex 0 44 3.6
      vertex 0.681305 45.5037 3.6
      vertex 0.585785 45.4142 3.6
    endloop
  endfacet
  facet normal 0 0 1
    outer loop
      vertex 2.68578 2.68578 3.6
      vertex 0.782471 0.4133 3.6
      vertex 0.888855 0.337067 3.6
    endloop
  endfacet
  facet normal 0 0 1
    outer loop
      vertex 0 44 3.6
      vertex 0.585785 45.4142 3.6
      vertex 0.496323 45.3187 3.6
    endloop
  endfacet
  facet normal 0 0 1
    outer loop
      vertex 2.68578 2.68578 3.6
      vertex 0.681305 0.496323 3.6
      vertex 0.782471 0.4133 3.6
    endloop
  endfacet
  facet normal 0 0 1
    outer loop
      vertex 0 44 3.6
      vertex 0.496323 45.3187 3.6
      vertex 0.4133 45.2175 3.6
    endloop
  endfacet
  facet normal 0 0 1
    outer loop
      vertex 2.68578 2.68578 3.6
      vertex 0.585785 0.585785 3.6
      vertex 0.681305 0.496323 3.6
    endloop
  endfacet
  facet normal 0 0 1
    outer loop
      vertex 0 44 3.6
      vertex 0.4133 45.2175 3.6
      vertex 0.337067 45.1111 3.6
    endloop
  endfacet
  facet normal 0 0 1
    outer loop
      vertex 2.68578 2.68578 3.6
      vertex 0.496323 0.681305 3.6
      vertex 0.585785 0.585785 3.6
    endloop
  endfacet
  facet normal 0 0 1
    outer loop
      vertex 0 44 3.6
      vertex 0.337067 45.1111 3.6
      vertex 0.267944 45 3.6
    endloop
  endfacet
  facet normal 0 0 1
    outer loop
      vertex 2.68578 2.68578 3.6
      vertex 0.4133 0.782471 3.6
      vertex 0.496323 0.681305 3.6
    endloop
  endfacet
  facet normal 0 0 1
    outer loop
      vertex 0 44 3.6
      vertex 0.267944 45 3.6
      vertex 0.206253 44.8846 3.6
    endloop
  endfacet
  facet normal 0 0 1
    outer loop
      vertex 2.68578 2.68578 3.6
      vertex 0.337067 0.888855 3.6
      vertex 0.4133 0.782471 3.6
    endloop
  endfacet
  facet normal 0 0 1
    outer loop
      vertex 0 44 3.6
      vertex 0.206253 44.8846 3.6
      vertex 0.152237 44.7654 3.6
    endloop
  endfacet
  facet normal 0 0 1
    outer loop
      vertex 2.59632 2.7813 3.6
      vertex 0.267944 1 3.6
      vertex 0.337067 0.888855 3.6
    endloop
  endfacet
  facet normal 0 0 1
    outer loop
      vertex 0 44 3.6
      vertex 0.152237 44.7654 3.6
      vertex 0.10614 44.6429 3.6
    endloop
  endfacet
  facet normal 0 0 1
    outer loop
      vertex 2.59632 2.7813 3.6
      vertex 0.206253 1.11542 3.6
      vertex 0.267944 1 3.6
    endloop
  endfacet
  facet normal 0 0 1
    outer loop
      vertex 0 44 3.6
      vertex 0.10614 44.6429 3.6
      vertex 0.0681458 44.5176 3.6
    endloop
  endfacet
  facet normal 0 0 1
    outer loop
      vertex 2.59632 2.7813 3.6
      vertex 0.152237 1.23463 3.6
      vertex 0.206253 1.11542 3.6
    endloop
  endfacet
  facet normal 0 0 1
    outer loop
      vertex 0 44 3.6
      vertex 0.0681458 44.5176 3.6
      vertex 0.0384369 44.3902 3.6
    endloop
  endfacet
  facet normal 0 0 1
    outer loop
      vertex 2.59632 2.7813 3.6
      vertex 0.10614 1.35712 3.6
      vertex 0.152237 1.23463 3.6
    endloop
  endfacet
  facet normal 0 0 1
    outer loop
      vertex 0 44 3.6
      vertex 0.0384369 44.3902 3.6
      vertex 0.0171051 44.261 3.6
    endloop
  endfacet
  facet normal 0 0 1
    outer loop
      vertex 2.59632 2.7813 3.6
      vertex 0.0681458 1.48236 3.6
      vertex 0.10614 1.35712 3.6
    endloop
  endfacet
  facet normal 0 0 1
    outer loop
      vertex 0 44 3.6
      vertex 0.0171051 44.261 3.6
      vertex 0.00428772 44.1308 3.6
    endloop
  endfacet
  facet normal 0 0 1
    outer loop
      vertex 2.59632 2.7813 3.6
      vertex 0.0384369 1.60982 3.6
      vertex 0.0681458 1.48236 3.6
    endloop
  endfacet
  facet normal 0 0 1
    outer loop
      vertex 2.5133 2.88247 3.6
      vertex 0.0171051 1.73895 3.6
      vertex 0.0384369 1.60982 3.6
    endloop
  endfacet
  facet normal 0 0 1
    outer loop
      vertex 2.5133 2.88247 3.6
      vertex 0.00428772 1.86919 3.6
      vertex 0.0171051 1.73895 3.6
    endloop
  endfacet
  facet normal 0 0 -1
    outer loop
      vertex 147.487 2.88247 1.2
      vertex 150 2 1.2
      vertex 149.996 1.86919 1.2
    endloop
  endfacet
  facet normal 0 0 -1
    outer loop
      vertex 150 2 1.2
      vertex 147.9 4.1 1.2
      vertex 150 44 1.2
    endloop
  endfacet
  facet normal 0 0 -1
    outer loop
      vertex 147.487 2.88247 1.2
      vertex 149.996 1.86919 1.2
      vertex 149.983 1.73895 1.2
    endloop
  endfacet
  facet normal 0 0 -1
    outer loop
      vertex 147.9 41.9 1.2
      vertex 150 44 1.2
      vertex 147.9 4.1 1.2
    endloop
  endfacet
  facet normal 0 0 -1
    outer loop
      vertex 147.487 2.88247 1.2
      vertex 149.983 1.73895 1.2
      vertex 149.962 1.60982 1.2
    endloop
  endfacet
  facet normal 0 0 -1
    outer loop
      vertex 147.896 42.0308 1.2
      vertex 150 44 1.2
      vertex 147.9 41.9 1.2
    endloop
  endfacet
  facet normal 0 0 -1
    outer loop
      vertex 147.404 2.7813 1.2
      vertex 149.962 1.60982 1.2
      vertex 149.932 1.48236 1.2
    endloop
  endfacet
  facet normal 0 0 -1
    outer loop
      vertex 147.883 42.161 1.2
      vertex 150 44 1.2
      vertex 147.896 42.0308 1.2
    endloop
  endfacet
  facet normal 0 0 -1
    outer loop
      vertex 147.404 2.7813 1.2
      vertex 149.932 1.48236 1.2
      vertex 149.894 1.35712 1.2
    endloop
  endfacet
  facet normal 0 0 -1
    outer loop
      vertex 147.862 42.2902 1.2
      vertex 150 44 1.2
      vertex 147.883 42.161 1.2
    endloop
  endfacet
  facet normal 0 0 -1
    outer loop
      vertex 147.404 2.7813 1.2
      vertex 149.894 1.35712 1.2
      vertex 149.848 1.23463 1.2
    endloop
  endfacet
  facet normal 0 0 -1
    outer loop
      vertex 147.832 42.4176 1.2
      vertex 150 44 1.2
      vertex 147.862 42.2902 1.2
    endloop
  endfacet
  facet normal 0 0 -1
    outer loop
      vertex 147.404 2.7813 1.2
      vertex 149.848 1.23463 1.2
      vertex 149.794 1.11542 1.2
    endloop
  endfacet
  facet normal 0 0 -1
    outer loop
      vertex 147.794 42.5429 1.2
      vertex 150 44 1.2
      vertex 147.832 42.4176 1.2
    endloop
  endfacet
  facet normal 0 0 -1
    outer loop
      vertex 147.404 2.7813 1.2
      vertex 149.794 1.11542 1.2
      vertex 149.732 1 1.2
    endloop
  endfacet
  facet normal 0 0 -1
    outer loop
      vertex 147.748 42.6654 1.2
      vertex 150 44 1.2
      vertex 147.794 42.5429 1.2
    endloop
  endfacet
  facet normal 0 0 -1
    outer loop
      vertex 147.404 2.7813 1.2
      vertex 149.732 1 1.2
      vertex 149.663 0.888855 1.2
    endloop
  endfacet
  facet normal 0 0 -1
    outer loop
      vertex 147.694 42.7846 1.2
      vertex 150 44 1.2
      vertex 147.748 42.6654 1.2
    endloop
  endfacet
  facet normal 0 0 -1
    outer loop
      vertex 147.314 2.68578 1.2
      vertex 149.663 0.888855 1.2
      vertex 149.587 0.782471 1.2
    endloop
  endfacet
  facet normal 0 0 -1
    outer loop
      vertex 147.632 42.9 1.2
      vertex 150 44 1.2
      vertex 147.694 42.7846 1.2
    endloop
  endfacet
  facet normal 0 0 -1
    outer loop
      vertex 147.314 2.68578 1.2
      vertex 149.587 0.782471 1.2
      vertex 149.504 0.681305 1.2
    endloop
  endfacet
  facet normal 0 0 -1
    outer loop
      vertex 147.563 43.0111 1.2
      vertex 150 44 1.2
      vertex 147.632 42.9 1.2
    endloop
  endfacet
  facet normal 0 0 -1
    outer loop
      vertex 147.314 2.68578 1.2
      vertex 149.504 0.681305 1.2
      vertex 149.414 0.585785 1.2
    endloop
  endfacet
  facet normal 0 0 -1
    outer loop
      vertex 147.487 43.1175 1.2
      vertex 150 44 1.2
      vertex 147.563 43.0111 1.2
    endloop
  endfacet
  facet normal 0 0 -1
    outer loop
      vertex 147.314 2.68578 1.2
      vertex 149.414 0.585785 1.2
      vertex 149.319 0.496323 1.2
    endloop
  endfacet
  facet normal -0 0 -1
    outer loop
      vertex 150 44 1.2
      vertex 147.487 43.1175 1.2
      vertex 149.996 44.1308 1.2
    endloop
  endfacet
  facet normal 0 0 -1
    outer loop
      vertex 147.314 2.68578 1.2
      vertex 149.319 0.496323 1.2
      vertex 149.218 0.4133 1.2
    endloop
  endfacet
  facet normal -0 0 -1
    outer loop
      vertex 149.996 44.1308 1.2
      vertex 147.487 43.1175 1.2
      vertex 149.983 44.261 1.2
    endloop
  endfacet
  facet normal 0 0 -1
    outer loop
      vertex 147.314 2.68578 1.2
      vertex 149.218 0.4133 1.2
      vertex 149.111 0.337067 1.2
    endloop
  endfacet
  facet normal -0 0 -1
    outer loop
      vertex 149.983 44.261 1.2
      vertex 147.487 43.1175 1.2
      vertex 149.962 44.3902 1.2
    endloop
  endfacet
  facet normal 0 0 -1
    outer loop
      vertex 147.314 2.68578 1.2
      vertex 149.111 0.337067 1.2
      vertex 149 0.267944 1.2
    endloop
  endfacet
  facet normal 0 0 -1
    outer loop
      vertex 147.404 43.2187 1.2
      vertex 149.962 44.3902 1.2
      vertex 147.487 43.1175 1.2
    endloop
  endfacet
  facet normal 0 0 -1
    outer loop
      vertex 147.219 2.59632 1.2
      vertex 149 0.267944 1.2
      vertex 148.885 0.206253 1.2
    endloop
  endfacet
  facet normal -0 0 -1
    outer loop
      vertex 149.962 44.3902 1.2
      vertex 147.404 43.2187 1.2
      vertex 149.932 44.5176 1.2
    endloop
  endfacet
  facet normal 0 0 -1
    outer loop
      vertex 147.219 2.59632 1.2
      vertex 148.885 0.206253 1.2
      vertex 148.765 0.152237 1.2
    endloop
  endfacet
  facet normal -0 0 -1
    outer loop
      vertex 149.932 44.5176 1.2
      vertex 147.404 43.2187 1.2
      vertex 149.894 44.6429 1.2
    endloop
  endfacet
  facet normal 0 0 -1
    outer loop
      vertex 147.219 2.59632 1.2
      vertex 148.765 0.152237 1.2
      vertex 148.643 0.10614 1.2
    endloop
  endfacet
  facet normal -0 0 -1
    outer loop
      vertex 149.894 44.6429 1.2
      vertex 147.404 43.2187 1.2
      vertex 149.848 44.7654 1.2
    endloop
  endfacet
  facet normal 0 0 -1
    outer loop
      vertex 147.219 2.59632 1.2
      vertex 148.643 0.10614 1.2
      vertex 148.518 0.0681458 1.2
    endloop
  endfacet
  facet normal -0 0 -1
    outer loop
      vertex 149.848 44.7654 1.2
      vertex 147.404 43.2187 1.2
      vertex 149.794 44.8846 1.2
    endloop
  endfacet
  facet normal 0 0 -1
    outer loop
      vertex 147.219 2.59632 1.2
      vertex 148.518 0.0681458 1.2
      vertex 148.39 0.0384369 1.2
    endloop
  endfacet
  facet normal -0 0 -1
    outer loop
      vertex 149.794 44.8846 1.2
      vertex 147.404 43.2187 1.2
      vertex 149.732 45 1.2
    endloop
  endfacet
  facet normal 0 0 -1
    outer loop
      vertex 147.219 2.59632 1.2
      vertex 148.39 0.0384369 1.2
      vertex 148.261 0.0171051 1.2
    endloop
  endfacet
  facet normal -0 0 -1
    outer loop
      vertex 149.732 45 1.2
      vertex 147.404 43.2187 1.2
      vertex 149.663 45.1111 1.2
    endloop
  endfacet
  facet normal 0 0 -1
    outer loop
      vertex 147.118 2.5133 1.2
      vertex 148.261 0.0171051 1.2
      vertex 148.131 0.00428772 1.2
    endloop
  endfacet
  facet normal 0 0 -1
    outer loop
      vertex 147.314 43.3142 1.2
      vertex 149.663 45.1111 1.2
      vertex 147.404 43.2187 1.2
    endloop
  endfacet
  facet normal 0 0 -1
    outer loop
      vertex 147.118 2.5133 1.2
      vertex 148.131 0.00428772 1.2
      vertex 148 0 1.2
    endloop
  endfacet
  facet normal -0 0 -1
    outer loop
      vertex 149.663 45.1111 1.2
      vertex 147.314 43.3142 1.2
      vertex 149.587 45.2175 1.2
    endloop
  endfacet
  facet normal -0 0 -1
    outer loop
      vertex 149.587 45.2175 1.2
      vertex 147.314 43.3142 1.2
      vertex 149.504 45.3187 1.2
    endloop
  endfacet
  facet normal 0 0 -1
    outer loop
      vertex 150 2 1.2
      vertex 147.896 3.96919 1.2
      vertex 147.9 4.1 1.2
    endloop
  endfacet
  facet normal 0 0 -1
    outer loop
      vertex 150 2 1.2
      vertex 147.883 3.83895 1.2
      vertex 147.896 3.96919 1.2
    endloop
  endfacet
  facet normal 0 0 -1
    outer loop
      vertex 150 2 1.2
      vertex 147.862 3.70982 1.2
      vertex 147.883 3.83895 1.2
    endloop
  endfacet
  facet normal 0 0 -1
    outer loop
      vertex 150 2 1.2
      vertex 147.832 3.58236 1.2
      vertex 147.862 3.70982 1.2
    endloop
  endfacet
  facet normal 0 0 -1
    outer loop
      vertex 150 2 1.2
      vertex 147.794 3.45712 1.2
      vertex 147.832 3.58236 1.2
    endloop
  endfacet
  facet normal 0 0 -1
    outer loop
      vertex 150 2 1.2
      vertex 147.748 3.33463 1.2
      vertex 147.794 3.45712 1.2
    endloop
  endfacet
  facet normal 0 0 -1
    outer loop
      vertex 150 2 1.2
      vertex 147.694 3.21542 1.2
      vertex 147.748 3.33463 1.2
    endloop
  endfacet
  facet normal 0 0 -1
    outer loop
      vertex 150 2 1.2
      vertex 147.632 3.1 1.2
      vertex 147.694 3.21542 1.2
    endloop
  endfacet
  facet normal 0 0 -1
    outer loop
      vertex 150 2 1.2
      vertex 147.563 2.98885 1.2
      vertex 147.632 3.1 1.2
    endloop
  endfacet
  facet normal 0 0 -1
    outer loop
      vertex 150 2 1.2
      vertex 147.487 2.88247 1.2
      vertex 147.563 2.98885 1.2
    endloop
  endfacet
  facet normal 0 0 -1
    outer loop
      vertex 149.962 1.60982 1.2
      vertex 147.404 2.7813 1.2
      vertex 147.487 2.88247 1.2
    endloop
  endfacet
  facet normal 0 0 -1
    outer loop
      vertex 149.663 0.888855 1.2
      vertex 147.314 2.68578 1.2
      vertex 147.404 2.7813 1.2
    endloop
  endfacet
  facet normal 0 0 -1
    outer loop
      vertex 149 0.267944 1.2
      vertex 147.219 2.59632 1.2
      vertex 147.314 2.68578 1.2
    endloop
  endfacet
  facet normal 0 0 -1
    outer loop
      vertex 148.261 0.0171051 1.2
      vertex 147.118 2.5133 1.2
      vertex 147.219 2.59632 1.2
    endloop
  endfacet
  facet normal 0 0 -1
    outer loop
      vertex 148 0 1.2
      vertex 147.011 2.43707 1.2
      vertex 147.118 2.5133 1.2
    endloop
  endfacet
  facet normal 0 0 -1
    outer loop
      vertex 148 0 1.2
      vertex 146.9 2.36794 1.2
      vertex 147.011 2.43707 1.2
    endloop
  endfacet
  facet normal 0 0 -1
    outer loop
      vertex 148 0 1.2
      vertex 146.785 2.30625 1.2
      vertex 146.9 2.36794 1.2
    endloop
  endfacet
  facet normal 0 0 -1
    outer loop
      vertex 148 0 1.2
      vertex 146.665 2.25224 1.2
      vertex 146.785 2.30625 1.2
    endloop
  endfacet
  facet normal 0 0 -1
    outer loop
      vertex 148 0 1.2
      vertex 146.543 2.20614 1.2
      vertex 146.665 2.25224 1.2
    endloop
  endfacet
  facet normal 0 0 -1
    outer loop
      vertex 148 0 1.2
      vertex 146.418 2.16815 1.2
      vertex 146.543 2.20614 1.2
    endloop
  endfacet
  facet normal 0 0 -1
    outer loop
      vertex 148 0 1.2
      vertex 146.29 2.13844 1.2
      vertex 146.418 2.16815 1.2
    endloop
  endfacet
  facet normal 0 0 -1
    outer loop
      vertex 148 0 1.2
      vertex 146.161 2.1171 1.2
      vertex 146.29 2.13844 1.2
    endloop
  endfacet
  facet normal 0 0 -1
    outer loop
      vertex 148 0 1.2
      vertex 146.031 2.10429 1.2
      vertex 146.161 2.1171 1.2
    endloop
  endfacet
  facet normal 0 0 -1
    outer loop
      vertex 148 0 1.2
      vertex 145.9 2.1 1.2
      vertex 146.031 2.10429 1.2
    endloop
  endfacet
  facet normal 0 0 -1
    outer loop
      vertex 148 0 1.2
      vertex 4.1 2.1 1.2
      vertex 145.9 2.1 1.2
    endloop
  endfacet
  facet normal -0 0 -1
    outer loop
      vertex 2.10429 3.96919 1.2
      vertex 0 2 1.2
      vertex 2.1 4.1 1.2
    endloop
  endfacet
  facet normal -0 0 -1
    outer loop
      vertex 2.1171 3.83895 1.2
      vertex 0 2 1.2
      vertex 2.10429 3.96919 1.2
    endloop
  endfacet
  facet normal -0 0 -1
    outer loop
      vertex 2.13844 3.70982 1.2
      vertex 0 2 1.2
      vertex 2.1171 3.83895 1.2
    endloop
  endfacet
  facet normal -0 0 -1
    outer loop
      vertex 2.16815 3.58236 1.2
      vertex 0 2 1.2
      vertex 2.13844 3.70982 1.2
    endloop
  endfacet
  facet normal -0 0 -1
    outer loop
      vertex 2.20614 3.45712 1.2
      vertex 0 2 1.2
      vertex 2.16815 3.58236 1.2
    endloop
  endfacet
  facet normal -0 0 -1
    outer loop
      vertex 2.25224 3.33463 1.2
      vertex 0 2 1.2
      vertex 2.20614 3.45712 1.2
    endloop
  endfacet
  facet normal -0 0 -1
    outer loop
      vertex 2.30625 3.21542 1.2
      vertex 0 2 1.2
      vertex 2.25224 3.33463 1.2
    endloop
  endfacet
  facet normal -0 0 -1
    outer loop
      vertex 2.36794 3.1 1.2
      vertex 0 2 1.2
      vertex 2.30625 3.21542 1.2
    endloop
  endfacet
  facet normal -0 0 -1
    outer loop
      vertex 2.43707 2.98885 1.2
      vertex 0 2 1.2
      vertex 2.36794 3.1 1.2
    endloop
  endfacet
  facet normal -0 0 -1
    outer loop
      vertex 2.5133 2.88247 1.2
      vertex 0 2 1.2
      vertex 2.43707 2.98885 1.2
    endloop
  endfacet
  facet normal -0 0 -1
    outer loop
      vertex 2.59632 2.7813 1.2
      vertex 0 2 1.2
      vertex 2.5133 2.88247 1.2
    endloop
  endfacet
  facet normal -0 0 -1
    outer loop
      vertex 2.68578 2.68578 1.2
      vertex 0 2 1.2
      vertex 2.59632 2.7813 1.2
    endloop
  endfacet
  facet normal 0 0 -1
    outer loop
      vertex 0 2 1.2
      vertex 2.68578 2.68578 1.2
      vertex 2 0 1.2
    endloop
  endfacet
  facet normal -0 0 -1
    outer loop
      vertex 2.7813 2.59632 1.2
      vertex 2 0 1.2
      vertex 2.68578 2.68578 1.2
    endloop
  endfacet
  facet normal -0 0 -1
    outer loop
      vertex 2.88247 2.5133 1.2
      vertex 2 0 1.2
      vertex 2.7813 2.59632 1.2
    endloop
  endfacet
  facet normal -0 0 -1
    outer loop
      vertex 2.98885 2.43707 1.2
      vertex 2 0 1.2
      vertex 2.88247 2.5133 1.2
    endloop
  endfacet
  facet normal -0 0 -1
    outer loop
      vertex 3.1 2.36794 1.2
      vertex 2 0 1.2
      vertex 2.98885 2.43707 1.2
    endloop
  endfacet
  facet normal -0 0 -1
    outer loop
      vertex 3.21542 2.30625 1.2
      vertex 2 0 1.2
      vertex 3.1 2.36794 1.2
    endloop
  endfacet
  facet normal -0 0 -1
    outer loop
      vertex 3.33463 2.25224 1.2
      vertex 2 0 1.2
      vertex 3.21542 2.30625 1.2
    endloop
  endfacet
  facet normal -0 0 -1
    outer loop
      vertex 3.45712 2.20614 1.2
      vertex 2 0 1.2
      vertex 3.33463 2.25224 1.2
    endloop
  endfacet
  facet normal -0 0 -1
    outer loop
      vertex 3.58236 2.16815 1.2
      vertex 2 0 1.2
      vertex 3.45712 2.20614 1.2
    endloop
  endfacet
  facet normal -0 0 -1
    outer loop
      vertex 3.70982 2.13844 1.2
      vertex 2 0 1.2
      vertex 3.58236 2.16815 1.2
    endloop
  endfacet
  facet normal -0 0 -1
    outer loop
      vertex 3.83895 2.1171 1.2
      vertex 2 0 1.2
      vertex 3.70982 2.13844 1.2
    endloop
  endfacet
  facet normal -0 0 -1
    outer loop
      vertex 3.96919 2.10429 1.2
      vertex 2 0 1.2
      vertex 3.83895 2.1171 1.2
    endloop
  endfacet
  facet normal -0 0 -1
    outer loop
      vertex 4.1 2.1 1.2
      vertex 2 0 1.2
      vertex 3.96919 2.10429 1.2
    endloop
  endfacet
  facet normal 0 0 -1
    outer loop
      vertex 2 0 1.2
      vertex 4.1 2.1 1.2
      vertex 148 0 1.2
    endloop
  endfacet
  facet normal -0 0 -1
    outer loop
      vertex 149.504 45.3187 1.2
      vertex 147.314 43.3142 1.2
      vertex 149.414 45.4142 1.2
    endloop
  endfacet
  facet normal -0 0 -1
    outer loop
      vertex 149.414 45.4142 1.2
      vertex 147.314 43.3142 1.2
      vertex 149.319 45.5037 1.2
    endloop
  endfacet
  facet normal -0 0 -1
    outer loop
      vertex 149.319 45.5037 1.2
      vertex 147.314 43.3142 1.2
      vertex 149.218 45.5867 1.2
    endloop
  endfacet
  facet normal -0 0 -1
    outer loop
      vertex 149.218 45.5867 1.2
      vertex 147.314 43.3142 1.2
      vertex 149.111 45.6629 1.2
    endloop
  endfacet
  facet normal -0 0 -1
    outer loop
      vertex 149.111 45.6629 1.2
      vertex 147.314 43.3142 1.2
      vertex 149 45.7321 1.2
    endloop
  endfacet
  facet normal 0 0 -1
    outer loop
      vertex 147.219 43.4037 1.2
      vertex 149 45.7321 1.2
      vertex 147.314 43.3142 1.2
    endloop
  endfacet
  facet normal -0 0 -1
    outer loop
      vertex 149 45.7321 1.2
      vertex 147.219 43.4037 1.2
      vertex 148.885 45.7937 1.2
    endloop
  endfacet
  facet normal -0 0 -1
    outer loop
      vertex 148.885 45.7937 1.2
      vertex 147.219 43.4037 1.2
      vertex 148.765 45.8478 1.2
    endloop
  endfacet
  facet normal -0 0 -1
    outer loop
      vertex 148.765 45.8478 1.2
      vertex 147.219 43.4037 1.2
      vertex 148.643 45.8939 1.2
    endloop
  endfacet
  facet normal -0 0 -1
    outer loop
      vertex 148.643 45.8939 1.2
      vertex 147.219 43.4037 1.2
      vertex 148.518 45.9319 1.2
    endloop
  endfacet
  facet normal -0 0 -1
    outer loop
      vertex 148.518 45.9319 1.2
      vertex 147.219 43.4037 1.2
      vertex 148.39 45.9616 1.2
    endloop
  endfacet
  facet normal -0 0 -1
    outer loop
      vertex 148.39 45.9616 1.2
      vertex 147.219 43.4037 1.2
      vertex 148.261 45.9829 1.2
    endloop
  endfacet
  facet normal 0 0 -1
    outer loop
      vertex 147.118 43.4867 1.2
      vertex 148.261 45.9829 1.2
      vertex 147.219 43.4037 1.2
    endloop
  endfacet
  facet normal -0 0 -1
    outer loop
      vertex 148.261 45.9829 1.2
      vertex 147.118 43.4867 1.2
      vertex 148.131 45.9957 1.2
    endloop
  endfacet
  facet normal -0 0 -1
    outer loop
      vertex 148.131 45.9957 1.2
      vertex 147.118 43.4867 1.2
      vertex 148 46 1.2
    endloop
  endfacet
  facet normal 0 0 -1
    outer loop
      vertex 147.011 43.5629 1.2
      vertex 148 46 1.2
      vertex 147.118 43.4867 1.2
    endloop
  endfacet
  facet normal 0 0 -1
    outer loop
      vertex 146.9 43.632 1.2
      vertex 148 46 1.2
      vertex 147.011 43.5629 1.2
    endloop
  endfacet
  facet normal 0 0 -1
    outer loop
      vertex 146.785 43.6937 1.2
      vertex 148 46 1.2
      vertex 146.9 43.632 1.2
    endloop
  endfacet
  facet normal 0 0 -1
    outer loop
      vertex 146.665 43.7477 1.2
      vertex 148 46 1.2
      vertex 146.785 43.6937 1.2
    endloop
  endfacet
  facet normal 0 0 -1
    outer loop
      vertex 146.543 43.7938 1.2
      vertex 148 46 1.2
      vertex 146.665 43.7477 1.2
    endloop
  endfacet
  facet normal 0 0 -1
    outer loop
      vertex 146.418 43.8318 1.2
      vertex 148 46 1.2
      vertex 146.543 43.7938 1.2
    endloop
  endfacet
  facet normal 0 0 -1
    outer loop
      vertex 146.29 43.8615 1.2
      vertex 148 46 1.2
      vertex 146.418 43.8318 1.2
    endloop
  endfacet
  facet normal 0 0 -1
    outer loop
      vertex 146.161 43.8829 1.2
      vertex 148 46 1.2
      vertex 146.29 43.8615 1.2
    endloop
  endfacet
  facet normal 0 0 -1
    outer loop
      vertex 146.031 43.8957 1.2
      vertex 148 46 1.2
      vertex 146.161 43.8829 1.2
    endloop
  endfacet
  facet normal 0 0 -1
    outer loop
      vertex 145.9 43.9 1.2
      vertex 148 46 1.2
      vertex 146.031 43.8957 1.2
    endloop
  endfacet
  facet normal 0 0 -1
    outer loop
      vertex 4.1 43.9 1.2
      vertex 148 46 1.2
      vertex 145.9 43.9 1.2
    endloop
  endfacet
  facet normal 0 0 -1
    outer loop
      vertex 4.1 43.9 1.2
      vertex 2 46 1.2
      vertex 148 46 1.2
    endloop
  endfacet
  facet normal 0 0 -1
    outer loop
      vertex 3.96919 43.8957 1.2
      vertex 2 46 1.2
      vertex 4.1 43.9 1.2
    endloop
  endfacet
  facet normal 0 0 -1
    outer loop
      vertex 3.83895 43.8829 1.2
      vertex 2 46 1.2
      vertex 3.96919 43.8957 1.2
    endloop
  endfacet
  facet normal 0 0 -1
    outer loop
      vertex 3.70982 43.8615 1.2
      vertex 2 46 1.2
      vertex 3.83895 43.8829 1.2
    endloop
  endfacet
  facet normal 0 0 -1
    outer loop
      vertex 3.58236 43.8318 1.2
      vertex 2 46 1.2
      vertex 3.70982 43.8615 1.2
    endloop
  endfacet
  facet normal 0 0 -1
    outer loop
      vertex 3.45712 43.7938 1.2
      vertex 2 46 1.2
      vertex 3.58236 43.8318 1.2
    endloop
  endfacet
  facet normal 0 0 -1
    outer loop
      vertex 3.33463 43.7477 1.2
      vertex 2 46 1.2
      vertex 3.45712 43.7938 1.2
    endloop
  endfacet
  facet normal 0 0 -1
    outer loop
      vertex 3.21542 43.6937 1.2
      vertex 2 46 1.2
      vertex 3.33463 43.7477 1.2
    endloop
  endfacet
  facet normal 0 0 -1
    outer loop
      vertex 3.1 43.632 1.2
      vertex 2 46 1.2
      vertex 3.21542 43.6937 1.2
    endloop
  endfacet
  facet normal 0 0 -1
    outer loop
      vertex 2.98885 43.5629 1.2
      vertex 2 46 1.2
      vertex 3.1 43.632 1.2
    endloop
  endfacet
  facet normal 0 0 -1
    outer loop
      vertex 2.88247 43.4867 1.2
      vertex 2 46 1.2
      vertex 2.98885 43.5629 1.2
    endloop
  endfacet
  facet normal 0 0 -1
    outer loop
      vertex 1.73895 45.9829 1.2
      vertex 2.88247 43.4867 1.2
      vertex 2.7813 43.4037 1.2
    endloop
  endfacet
  facet normal 0 0 -1
    outer loop
      vertex 1 45.7321 1.2
      vertex 2.7813 43.4037 1.2
      vertex 2.68578 43.3142 1.2
    endloop
  endfacet
  facet normal 0 0 -1
    outer loop
      vertex 0.337067 45.1111 1.2
      vertex 2.68578 43.3142 1.2
      vertex 2.59632 43.2187 1.2
    endloop
  endfacet
  facet normal 0 0 -1
    outer loop
      vertex 0.0384369 44.3902 1.2
      vertex 2.59632 43.2187 1.2
      vertex 2.5133 43.1175 1.2
    endloop
  endfacet
  facet normal 0 0 -1
    outer loop
      vertex 0 44 1.2
      vertex 2.5133 43.1175 1.2
      vertex 2.43707 43.0111 1.2
    endloop
  endfacet
  facet normal 0 0 -1
    outer loop
      vertex 0 44 1.2
      vertex 2.43707 43.0111 1.2
      vertex 2.36794 42.9 1.2
    endloop
  endfacet
  facet normal 0 0 -1
    outer loop
      vertex 0 44 1.2
      vertex 2.36794 42.9 1.2
      vertex 2.30625 42.7846 1.2
    endloop
  endfacet
  facet normal 0 0 -1
    outer loop
      vertex 0 44 1.2
      vertex 2.30625 42.7846 1.2
      vertex 2.25224 42.6654 1.2
    endloop
  endfacet
  facet normal 0 0 -1
    outer loop
      vertex 0 44 1.2
      vertex 2.25224 42.6654 1.2
      vertex 2.20614 42.5429 1.2
    endloop
  endfacet
  facet normal 0 0 -1
    outer loop
      vertex 0 44 1.2
      vertex 2.20614 42.5429 1.2
      vertex 2.16815 42.4176 1.2
    endloop
  endfacet
  facet normal 0 0 -1
    outer loop
      vertex 0 44 1.2
      vertex 2.16815 42.4176 1.2
      vertex 2.13844 42.2902 1.2
    endloop
  endfacet
  facet normal 0 0 -1
    outer loop
      vertex 0 44 1.2
      vertex 2.13844 42.2902 1.2
      vertex 2.1171 42.161 1.2
    endloop
  endfacet
  facet normal 0 0 -1
    outer loop
      vertex 0 44 1.2
      vertex 2.1171 42.161 1.2
      vertex 2.10429 42.0308 1.2
    endloop
  endfacet
  facet normal 0 0 -1
    outer loop
      vertex 0 44 1.2
      vertex 2.10429 42.0308 1.2
      vertex 2.1 41.9 1.2
    endloop
  endfacet
  facet normal -0 0 -1
    outer loop
      vertex 2.1 4.1 1.2
      vertex 0 2 1.2
      vertex 2.1 41.9 1.2
    endloop
  endfacet
  facet normal 0 0 -1
    outer loop
      vertex 0 2 1.2
      vertex 2 0 1.2
      vertex 1.86919 0.00428772 1.2
    endloop
  endfacet
  facet normal 0 0 -1
    outer loop
      vertex 0 44 1.2
      vertex 2.1 41.9 1.2
      vertex 0 2 1.2
    endloop
  endfacet
  facet normal 0 0 -1
    outer loop
      vertex 0 2 1.2
      vertex 1.86919 0.00428772 1.2
      vertex 1.73895 0.0171051 1.2
    endloop
  endfacet
  facet normal 0 0 -1
    outer loop
      vertex 2.5133 43.1175 1.2
      vertex 0 44 1.2
      vertex 0.00428772 44.1308 1.2
    endloop
  endfacet
  facet normal 0 0 -1
    outer loop
      vertex 0 2 1.2
      vertex 1.73895 0.0171051 1.2
      vertex 1.60982 0.0384369 1.2
    endloop
  endfacet
  facet normal 0 0 -1
    outer loop
      vertex 2.88247 43.4867 1.2
      vertex 1.86919 45.9957 1.2
      vertex 2 46 1.2
    endloop
  endfacet
  facet normal 0 0 -1
    outer loop
      vertex 0 2 1.2
      vertex 1.60982 0.0384369 1.2
      vertex 1.48236 0.0681458 1.2
    endloop
  endfacet
  facet normal 0 0 -1
    outer loop
      vertex 2.88247 43.4867 1.2
      vertex 1.73895 45.9829 1.2
      vertex 1.86919 45.9957 1.2
    endloop
  endfacet
  facet normal 0 0 -1
    outer loop
      vertex 0 2 1.2
      vertex 1.48236 0.0681458 1.2
      vertex 1.35712 0.10614 1.2
    endloop
  endfacet
  facet normal 0 0 -1
    outer loop
      vertex 2.7813 43.4037 1.2
      vertex 1.60982 45.9616 1.2
      vertex 1.73895 45.9829 1.2
    endloop
  endfacet
  facet normal 0 0 -1
    outer loop
      vertex 0 2 1.2
      vertex 1.35712 0.10614 1.2
      vertex 1.23463 0.152237 1.2
    endloop
  endfacet
  facet normal 0 0 -1
    outer loop
      vertex 2.7813 43.4037 1.2
      vertex 1.48236 45.9319 1.2
      vertex 1.60982 45.9616 1.2
    endloop
  endfacet
  facet normal 0 0 -1
    outer loop
      vertex 0 2 1.2
      vertex 1.23463 0.152237 1.2
      vertex 1.11542 0.206253 1.2
    endloop
  endfacet
  facet normal 0 0 -1
    outer loop
      vertex 2.7813 43.4037 1.2
      vertex 1.35712 45.8939 1.2
      vertex 1.48236 45.9319 1.2
    endloop
  endfacet
  facet normal 0 0 -1
    outer loop
      vertex 0 2 1.2
      vertex 1.11542 0.206253 1.2
      vertex 1 0.267944 1.2
    endloop
  endfacet
  facet normal 0 0 -1
    outer loop
      vertex 2.7813 43.4037 1.2
      vertex 1.23463 45.8478 1.2
      vertex 1.35712 45.8939 1.2
    endloop
  endfacet
  facet normal 0 0 -1
    outer loop
      vertex 0 2 1.2
      vertex 1 0.267944 1.2
      vertex 0.888855 0.337067 1.2
    endloop
  endfacet
  facet normal 0 0 -1
    outer loop
      vertex 2.7813 43.4037 1.2
      vertex 1.11542 45.7937 1.2
      vertex 1.23463 45.8478 1.2
    endloop
  endfacet
  facet normal 0 0 -1
    outer loop
      vertex 0 2 1.2
      vertex 0.888855 0.337067 1.2
      vertex 0.782471 0.4133 1.2
    endloop
  endfacet
  facet normal 0 0 -1
    outer loop
      vertex 2.7813 43.4037 1.2
      vertex 1 45.7321 1.2
      vertex 1.11542 45.7937 1.2
    endloop
  endfacet
  facet normal 0 0 -1
    outer loop
      vertex 0 2 1.2
      vertex 0.782471 0.4133 1.2
      vertex 0.681305 0.496323 1.2
    endloop
  endfacet
  facet normal 0 0 -1
    outer loop
      vertex 2.68578 43.3142 1.2
      vertex 0.888855 45.6629 1.2
      vertex 1 45.7321 1.2
    endloop
  endfacet
  facet normal 0 0 -1
    outer loop
      vertex 0 2 1.2
      vertex 0.681305 0.496323 1.2
      vertex 0.585785 0.585785 1.2
    endloop
  endfacet
  facet normal 0 0 -1
    outer loop
      vertex 2.68578 43.3142 1.2
      vertex 0.782471 45.5867 1.2
      vertex 0.888855 45.6629 1.2
    endloop
  endfacet
  facet normal 0 0 -1
    outer loop
      vertex 0 2 1.2
      vertex 0.585785 0.585785 1.2
      vertex 0.496323 0.681305 1.2
    endloop
  endfacet
  facet normal 0 0 -1
    outer loop
      vertex 2.68578 43.3142 1.2
      vertex 0.681305 45.5037 1.2
      vertex 0.782471 45.5867 1.2
    endloop
  endfacet
  facet normal 0 0 -1
    outer loop
      vertex 0 2 1.2
      vertex 0.496323 0.681305 1.2
      vertex 0.4133 0.782471 1.2
    endloop
  endfacet
  facet normal 0 0 -1
    outer loop
      vertex 2.68578 43.3142 1.2
      vertex 0.585785 45.4142 1.2
      vertex 0.681305 45.5037 1.2
    endloop
  endfacet
  facet normal 0 0 -1
    outer loop
      vertex 0 2 1.2
      vertex 0.4133 0.782471 1.2
      vertex 0.337067 0.888855 1.2
    endloop
  endfacet
  facet normal 0 0 -1
    outer loop
      vertex 2.68578 43.3142 1.2
      vertex 0.496323 45.3187 1.2
      vertex 0.585785 45.4142 1.2
    endloop
  endfacet
  facet normal 0 0 -1
    outer loop
      vertex 0 2 1.2
      vertex 0.337067 0.888855 1.2
      vertex 0.267944 1 1.2
    endloop
  endfacet
  facet normal 0 0 -1
    outer loop
      vertex 2.68578 43.3142 1.2
      vertex 0.4133 45.2175 1.2
      vertex 0.496323 45.3187 1.2
    endloop
  endfacet
  facet normal 0 0 -1
    outer loop
      vertex 0 2 1.2
      vertex 0.267944 1 1.2
      vertex 0.206253 1.11542 1.2
    endloop
  endfacet
  facet normal 0 0 -1
    outer loop
      vertex 2.68578 43.3142 1.2
      vertex 0.337067 45.1111 1.2
      vertex 0.4133 45.2175 1.2
    endloop
  endfacet
  facet normal 0 0 -1
    outer loop
      vertex 0 2 1.2
      vertex 0.206253 1.11542 1.2
      vertex 0.152237 1.23463 1.2
    endloop
  endfacet
  facet normal 0 0 -1
    outer loop
      vertex 2.59632 43.2187 1.2
      vertex 0.267944 45 1.2
      vertex 0.337067 45.1111 1.2
    endloop
  endfacet
  facet normal 0 0 -1
    outer loop
      vertex 0 2 1.2
      vertex 0.152237 1.23463 1.2
      vertex 0.10614 1.35712 1.2
    endloop
  endfacet
  facet normal 0 0 -1
    outer loop
      vertex 2.59632 43.2187 1.2
      vertex 0.206253 44.8846 1.2
      vertex 0.267944 45 1.2
    endloop
  endfacet
  facet normal 0 0 -1
    outer loop
      vertex 0 2 1.2
      vertex 0.10614 1.35712 1.2
      vertex 0.0681458 1.48236 1.2
    endloop
  endfacet
  facet normal 0 0 -1
    outer loop
      vertex 2.59632 43.2187 1.2
      vertex 0.152237 44.7654 1.2
      vertex 0.206253 44.8846 1.2
    endloop
  endfacet
  facet normal 0 0 -1
    outer loop
      vertex 0 2 1.2
      vertex 0.0681458 1.48236 1.2
      vertex 0.0384369 1.60982 1.2
    endloop
  endfacet
  facet normal 0 0 -1
    outer loop
      vertex 2.59632 43.2187 1.2
      vertex 0.10614 44.6429 1.2
      vertex 0.152237 44.7654 1.2
    endloop
  endfacet
  facet normal 0 0 -1
    outer loop
      vertex 0 2 1.2
      vertex 0.0384369 1.60982 1.2
      vertex 0.0171051 1.73895 1.2
    endloop
  endfacet
  facet normal 0 0 -1
    outer loop
      vertex 2.59632 43.2187 1.2
      vertex 0.0681458 44.5176 1.2
      vertex 0.10614 44.6429 1.2
    endloop
  endfacet
  facet normal 0 0 -1
    outer loop
      vertex 0 2 1.2
      vertex 0.0171051 1.73895 1.2
      vertex 0.00428772 1.86919 1.2
    endloop
  endfacet
  facet normal 0 0 -1
    outer loop
      vertex 2.59632 43.2187 1.2
      vertex 0.0384369 44.3902 1.2
      vertex 0.0681458 44.5176 1.2
    endloop
  endfacet
  facet normal 0 0 -1
    outer loop
      vertex 2.5133 43.1175 1.2
      vertex 0.0171051 44.261 1.2
      vertex 0.0384369 44.3902 1.2
    endloop
  endfacet
  facet normal 0 0 -1
    outer loop
      vertex 2.5133 43.1175 1.2
      vertex 0.00428772 44.1308 1.2
      vertex 0.0171051 44.261 1.2
    endloop
  endfacet
  facet normal 0.226091 -0.974106 0
    outer loop
      vertex 148.39 0.0384369 1.2
      vertex 148.518 0.0681458 3.6
      vertex 148.39 0.0384369 3.6
    endloop
  endfacet
  facet normal 0.226091 -0.974106 0
    outer loop
      vertex 148.518 0.0681458 3.6
      vertex 148.39 0.0384369 1.2
      vertex 148.518 0.0681458 1.2
    endloop
  endfacet
  facet normal 0.986618 0.163048 0
    outer loop
      vertex 2.13844 3.70982 3.6
      vertex 2.1171 3.83895 1.2
      vertex 2.1171 3.83895 3.6
    endloop
  endfacet
  facet normal 0.986618 0.163048 0
    outer loop
      vertex 2.1171 3.83895 1.2
      vertex 2.13844 3.70982 3.6
      vertex 2.13844 3.70982 1.2
    endloop
  endfacet
  facet normal -0.163208 0.986592 0
    outer loop
      vertex 146.29 2.13844 1.2
      vertex 146.161 2.1171 3.6
      vertex 146.29 2.13844 3.6
    endloop
  endfacet
  facet normal -0.163208 0.986592 0
    outer loop
      vertex 146.161 2.1171 3.6
      vertex 146.29 2.13844 1.2
      vertex 146.161 2.1171 1.2
    endloop
  endfacet
  facet normal 0 1 -0
    outer loop
      vertex 145.9 2.1 1.2
      vertex 4.1 2.1 3.6
      vertex 145.9 2.1 3.6
    endloop
  endfacet
  facet normal 0 1 0
    outer loop
      vertex 4.1 2.1 3.6
      vertex 145.9 2.1 1.2
      vertex 4.1 2.1 1.2
    endloop
  endfacet
  facet normal -0.0980635 0.99518 0
    outer loop
      vertex 146.161 2.1171 1.2
      vertex 146.031 2.10429 3.6
      vertex 146.161 2.1171 3.6
    endloop
  endfacet
  facet normal -0.0980635 0.99518 0
    outer loop
      vertex 146.031 2.10429 3.6
      vertex 146.161 2.1171 1.2
      vertex 146.031 2.10429 1.2
    endloop
  endfacet
  facet normal -0.999533 -0.0305668 0
    outer loop
      vertex 147.9 41.9 1.2
      vertex 147.896 42.0308 3.6
      vertex 147.896 42.0308 1.2
    endloop
  endfacet
  facet normal -0.999533 -0.0305668 0
    outer loop
      vertex 147.896 42.0308 3.6
      vertex 147.9 41.9 1.2
      vertex 147.9 41.9 3.6
    endloop
  endfacet
  facet normal -0.0327305 0.999464 0
    outer loop
      vertex 146.031 2.10429 1.2
      vertex 145.9 2.1 3.6
      vertex 146.031 2.10429 3.6
    endloop
  endfacet
  facet normal -0.0327305 0.999464 0
    outer loop
      vertex 145.9 2.1 3.6
      vertex 146.031 2.10429 1.2
      vertex 145.9 2.1 1.2
    endloop
  endfacet
  facet normal 0.163048 0.986618 -0
    outer loop
      vertex 3.83895 2.1171 1.2
      vertex 3.70982 2.13844 3.6
      vertex 3.83895 2.1171 3.6
    endloop
  endfacet
  facet normal 0.163048 0.986618 0
    outer loop
      vertex 3.70982 2.13844 3.6
      vertex 3.83895 2.1171 1.2
      vertex 3.70982 2.13844 1.2
    endloop
  endfacet
  facet normal -0.163655 -0.986518 0
    outer loop
      vertex 146.161 43.8829 1.2
      vertex 146.29 43.8615 3.6
      vertex 146.161 43.8829 3.6
    endloop
  endfacet
  facet normal -0.163655 -0.986518 -0
    outer loop
      vertex 146.29 43.8615 3.6
      vertex 146.161 43.8829 1.2
      vertex 146.29 43.8615 1.2
    endloop
  endfacet
  facet normal 0.91086 -0.412715 0
    outer loop
      vertex 2.25224 42.6654 3.6
      vertex 2.30625 42.7846 1.2
      vertex 2.30625 42.7846 3.6
    endloop
  endfacet
  facet normal 0.91086 -0.412715 0
    outer loop
      vertex 2.30625 42.7846 1.2
      vertex 2.25224 42.6654 3.6
      vertex 2.25224 42.6654 1.2
    endloop
  endfacet
  facet normal -0.410365 -0.911922 0
    outer loop
      vertex 146.665 43.7477 1.2
      vertex 146.785 43.6937 3.6
      vertex 146.665 43.7477 3.6
    endloop
  endfacet
  facet normal -0.410365 -0.911922 -0
    outer loop
      vertex 146.785 43.6937 3.6
      vertex 146.665 43.7477 1.2
      vertex 146.785 43.6937 1.2
    endloop
  endfacet
  facet normal 0.910873 0.412686 0
    outer loop
      vertex 2.30625 3.21542 3.6
      vertex 2.25224 3.33463 1.2
      vertex 2.25224 3.33463 3.6
    endloop
  endfacet
  facet normal 0.910873 0.412686 0
    outer loop
      vertex 2.25224 3.33463 1.2
      vertex 2.30625 3.21542 3.6
      vertex 2.30625 3.21542 1.2
    endloop
  endfacet
  facet normal -0.290857 -0.956767 0
    outer loop
      vertex 146.418 43.8318 1.2
      vertex 146.543 43.7938 3.6
      vertex 146.418 43.8318 3.6
    endloop
  endfacet
  facet normal -0.290857 -0.956767 -0
    outer loop
      vertex 146.543 43.7938 3.6
      vertex 146.418 43.8318 1.2
      vertex 146.543 43.7938 1.2
    endloop
  endfacet
  facet normal 0.729809 -0.683651 0
    outer loop
      vertex 2.59632 43.2187 3.6
      vertex 2.68578 43.3142 1.2
      vertex 2.68578 43.3142 3.6
    endloop
  endfacet
  facet normal 0.729809 -0.683651 0
    outer loop
      vertex 2.68578 43.3142 1.2
      vertex 2.59632 43.2187 3.6
      vertex 2.59632 43.2187 1.2
    endloop
  endfacet
  facet normal -0.995052 -0.0993524 0
    outer loop
      vertex 147.896 42.0308 1.2
      vertex 147.883 42.161 3.6
      vertex 147.883 42.161 1.2
    endloop
  endfacet
  facet normal -0.995052 -0.0993524 0
    outer loop
      vertex 147.883 42.161 3.6
      vertex 147.896 42.0308 1.2
      vertex 147.896 42.0308 3.6
    endloop
  endfacet
  facet normal 0.93592 -0.352212 0
    outer loop
      vertex 2.20614 42.5429 3.6
      vertex 2.25224 42.6654 1.2
      vertex 2.25224 42.6654 3.6
    endloop
  endfacet
  facet normal 0.93592 -0.352212 0
    outer loop
      vertex 2.25224 42.6654 1.2
      vertex 2.20614 42.5429 3.6
      vertex 2.20614 42.5429 1.2
    endloop
  endfacet
  facet normal 1 -0 0
    outer loop
      vertex 2.1 4.1 3.6
      vertex 2.1 41.9 1.2
      vertex 2.1 41.9 3.6
    endloop
  endfacet
  facet normal 1 0 0
    outer loop
      vertex 2.1 41.9 1.2
      vertex 2.1 4.1 3.6
      vertex 2.1 4.1 1.2
    endloop
  endfacet
  facet normal 0.352237 -0.935911 0
    outer loop
      vertex 3.33463 43.7477 1.2
      vertex 3.45712 43.7938 3.6
      vertex 3.33463 43.7477 3.6
    endloop
  endfacet
  facet normal 0.352237 -0.935911 0
    outer loop
      vertex 3.45712 43.7938 3.6
      vertex 3.33463 43.7477 1.2
      vertex 3.45712 43.7938 1.2
    endloop
  endfacet
  facet normal -0.880912 -0.47328 0
    outer loop
      vertex 147.694 42.7846 1.2
      vertex 147.632 42.9 3.6
      vertex 147.632 42.9 1.2
    endloop
  endfacet
  facet normal -0.880912 -0.47328 0
    outer loop
      vertex 147.632 42.9 3.6
      vertex 147.694 42.7846 1.2
      vertex 147.694 42.7846 3.6
    endloop
  endfacet
  facet normal -0.580085 -0.814556 0
    outer loop
      vertex 147.011 43.5629 1.2
      vertex 147.118 43.4867 3.6
      vertex 147.011 43.5629 3.6
    endloop
  endfacet
  facet normal -0.580085 -0.814556 -0
    outer loop
      vertex 147.118 43.4867 3.6
      vertex 147.011 43.5629 1.2
      vertex 147.118 43.4867 1.2
    endloop
  endfacet
  facet normal -0.528486 -0.848942 0
    outer loop
      vertex 146.9 43.632 1.2
      vertex 147.011 43.5629 3.6
      vertex 146.9 43.632 3.6
    endloop
  endfacet
  facet normal -0.528486 -0.848942 -0
    outer loop
      vertex 147.011 43.5629 3.6
      vertex 146.9 43.632 1.2
      vertex 147.011 43.5629 1.2
    endloop
  endfacet
  facet normal -0.226027 -0.974121 0
    outer loop
      vertex 146.29 43.8615 1.2
      vertex 146.418 43.8318 3.6
      vertex 146.29 43.8615 3.6
    endloop
  endfacet
  facet normal -0.226027 -0.974121 -0
    outer loop
      vertex 146.418 43.8318 3.6
      vertex 146.29 43.8615 1.2
      vertex 146.418 43.8318 1.2
    endloop
  endfacet
  facet normal 0.227007 0.973893 -0
    outer loop
      vertex 3.70982 2.13844 1.2
      vertex 3.58236 2.16815 3.6
      vertex 3.70982 2.13844 3.6
    endloop
  endfacet
  facet normal 0.227007 0.973893 0
    outer loop
      vertex 3.58236 2.16815 3.6
      vertex 3.70982 2.13844 1.2
      vertex 3.58236 2.16815 1.2
    endloop
  endfacet
  facet normal 0.634356 0.773041 -0
    outer loop
      vertex 2.88247 2.5133 1.2
      vertex 2.7813 2.59632 3.6
      vertex 2.88247 2.5133 3.6
    endloop
  endfacet
  facet normal 0.634356 0.773041 0
    outer loop
      vertex 2.7813 2.59632 3.6
      vertex 2.88247 2.5133 1.2
      vertex 2.7813 2.59632 1.2
    endloop
  endfacet
  facet normal 0.290347 -0.956922 0
    outer loop
      vertex 3.45712 43.7938 1.2
      vertex 3.58236 43.8318 3.6
      vertex 3.45712 43.7938 3.6
    endloop
  endfacet
  facet normal 0.290347 -0.956922 0
    outer loop
      vertex 3.58236 43.8318 3.6
      vertex 3.45712 43.7938 1.2
      vertex 3.58236 43.8318 1.2
    endloop
  endfacet
  facet normal 0 -1 0
    outer loop
      vertex 4.1 43.9 1.2
      vertex 145.9 43.9 3.6
      vertex 4.1 43.9 3.6
    endloop
  endfacet
  facet normal 0 -1 -0
    outer loop
      vertex 145.9 43.9 3.6
      vertex 4.1 43.9 1.2
      vertex 145.9 43.9 1.2
    endloop
  endfacet
  facet normal -1 0 0
    outer loop
      vertex 147.9 4.1 1.2
      vertex 147.9 41.9 3.6
      vertex 147.9 41.9 1.2
    endloop
  endfacet
  facet normal -1 -0 0
    outer loop
      vertex 147.9 41.9 3.6
      vertex 147.9 4.1 1.2
      vertex 147.9 4.1 3.6
    endloop
  endfacet
  facet normal 0.683575 0.72988 -0
    outer loop
      vertex 2.7813 2.59632 1.2
      vertex 2.68578 2.68578 3.6
      vertex 2.7813 2.59632 3.6
    endloop
  endfacet
  facet normal 0.683575 0.72988 0
    outer loop
      vertex 2.68578 2.68578 3.6
      vertex 2.7813 2.59632 1.2
      vertex 2.68578 2.68578 1.2
    endloop
  endfacet
  facet normal 0.0328544 -0.99946 0
    outer loop
      vertex 3.96919 43.8957 1.2
      vertex 4.1 43.9 3.6
      vertex 3.96919 43.8957 3.6
    endloop
  endfacet
  facet normal 0.0328544 -0.99946 0
    outer loop
      vertex 4.1 43.9 3.6
      vertex 3.96919 43.8957 1.2
      vertex 4.1 43.9 1.2
    endloop
  endfacet
  facet normal 0.999463 0.032778 0
    outer loop
      vertex 2.10429 3.96919 3.6
      vertex 2.1 4.1 1.2
      vertex 2.1 4.1 3.6
    endloop
  endfacet
  facet normal 0.999463 0.032778 0
    outer loop
      vertex 2.1 4.1 1.2
      vertex 2.10429 3.96919 3.6
      vertex 2.10429 3.96919 1.2
    endloop
  endfacet
  facet normal 0.683738 -0.729728 0
    outer loop
      vertex 2.68578 43.3142 1.2
      vertex 2.7813 43.4037 3.6
      vertex 2.68578 43.3142 3.6
    endloop
  endfacet
  facet normal 0.683738 -0.729728 0
    outer loop
      vertex 2.7813 43.4037 3.6
      vertex 2.68578 43.3142 1.2
      vertex 2.7813 43.4037 1.2
    endloop
  endfacet
  facet normal 0.527971 -0.849262 0
    outer loop
      vertex 2.98885 43.5629 1.2
      vertex 3.1 43.632 3.6
      vertex 2.98885 43.5629 3.6
    endloop
  endfacet
  facet normal 0.527971 -0.849262 0
    outer loop
      vertex 3.1 43.632 3.6
      vertex 2.98885 43.5629 1.2
      vertex 3.1 43.632 1.2
    endloop
  endfacet
  facet normal 0.81285 0.582474 0
    outer loop
      vertex 2.5133 2.88247 3.6
      vertex 2.43707 2.98885 1.2
      vertex 2.43707 2.98885 3.6
    endloop
  endfacet
  facet normal 0.81285 0.582474 0
    outer loop
      vertex 2.43707 2.98885 1.2
      vertex 2.5133 2.88247 3.6
      vertex 2.5133 2.88247 1.2
    endloop
  endfacet
  facet normal 0.881898 -0.471441 0
    outer loop
      vertex 2.30625 42.7846 3.6
      vertex 2.36794 42.9 1.2
      vertex 2.36794 42.9 3.6
    endloop
  endfacet
  facet normal 0.881898 -0.471441 0
    outer loop
      vertex 2.36794 42.9 1.2
      vertex 2.30625 42.7846 3.6
      vertex 2.30625 42.7846 1.2
    endloop
  endfacet
  facet normal 0.226935 -0.97391 0
    outer loop
      vertex 3.58236 43.8318 1.2
      vertex 3.70982 43.8615 3.6
      vertex 3.58236 43.8318 3.6
    endloop
  endfacet
  facet normal 0.226935 -0.97391 0
    outer loop
      vertex 3.70982 43.8615 3.6
      vertex 3.58236 43.8318 1.2
      vertex 3.70982 43.8615 1.2
    endloop
  endfacet
  facet normal 0.773133 -0.634244 0
    outer loop
      vertex 2.5133 43.1175 3.6
      vertex 2.59632 43.2187 1.2
      vertex 2.59632 43.2187 3.6
    endloop
  endfacet
  facet normal 0.773133 -0.634244 0
    outer loop
      vertex 2.59632 43.2187 1.2
      vertex 2.5133 43.1175 3.6
      vertex 2.5133 43.1175 1.2
    endloop
  endfacet
  facet normal 0.0978089 -0.995205 0
    outer loop
      vertex 3.83895 43.8829 1.2
      vertex 3.96919 43.8957 3.6
      vertex 3.83895 43.8829 3.6
    endloop
  endfacet
  facet normal 0.0978089 -0.995205 0
    outer loop
      vertex 3.96919 43.8957 3.6
      vertex 3.83895 43.8829 1.2
      vertex 3.96919 43.8957 1.2
    endloop
  endfacet
  facet normal 0.0978845 0.995198 -0
    outer loop
      vertex 3.96919 2.10429 1.2
      vertex 3.83895 2.1171 3.6
      vertex 3.96919 2.10429 3.6
    endloop
  endfacet
  facet normal 0.0978845 0.995198 0
    outer loop
      vertex 3.83895 2.1171 3.6
      vertex 3.96919 2.10429 1.2
      vertex 3.83895 2.1171 1.2
    endloop
  endfacet
  facet normal 0.032778 0.999463 -0
    outer loop
      vertex 4.1 2.1 1.2
      vertex 3.96919 2.10429 3.6
      vertex 4.1 2.1 3.6
    endloop
  endfacet
  facet normal 0.032778 0.999463 0
    outer loop
      vertex 3.96919 2.10429 3.6
      vertex 4.1 2.1 1.2
      vertex 3.96919 2.10429 1.2
    endloop
  endfacet
  facet normal -0.634994 0.772517 0
    outer loop
      vertex 147.219 2.59632 1.2
      vertex 147.118 2.5133 3.6
      vertex 147.219 2.59632 3.6
    endloop
  endfacet
  facet normal -0.634994 0.772517 0
    outer loop
      vertex 147.118 2.5133 3.6
      vertex 147.219 2.59632 1.2
      vertex 147.118 2.5133 1.2
    endloop
  endfacet
  facet normal 0.956943 0.290277 0
    outer loop
      vertex 2.20614 3.45712 3.6
      vertex 2.16815 3.58236 1.2
      vertex 2.16815 3.58236 3.6
    endloop
  endfacet
  facet normal 0.956943 0.290277 0
    outer loop
      vertex 2.16815 3.58236 1.2
      vertex 2.20614 3.45712 3.6
      vertex 2.20614 3.45712 1.2
    endloop
  endfacet
  facet normal -0.353475 -0.935444 0
    outer loop
      vertex 146.543 43.7938 1.2
      vertex 146.665 43.7477 3.6
      vertex 146.543 43.7938 3.6
    endloop
  endfacet
  facet normal -0.353475 -0.935444 -0
    outer loop
      vertex 146.665 43.7477 3.6
      vertex 146.543 43.7938 1.2
      vertex 146.665 43.7477 1.2
    endloop
  endfacet
  facet normal 0.528137 0.849159 -0
    outer loop
      vertex 3.1 2.36794 1.2
      vertex 2.98885 2.43707 3.6
      vertex 3.1 2.36794 3.6
    endloop
  endfacet
  facet normal 0.528137 0.849159 0
    outer loop
      vertex 2.98885 2.43707 3.6
      vertex 3.1 2.36794 1.2
      vertex 2.98885 2.43707 1.2
    endloop
  endfacet
  facet normal 0.849053 -0.528308 0
    outer loop
      vertex 2.36794 42.9 3.6
      vertex 2.43707 43.0111 1.2
      vertex 2.43707 43.0111 3.6
    endloop
  endfacet
  facet normal 0.849053 -0.528308 0
    outer loop
      vertex 2.43707 43.0111 1.2
      vertex 2.36794 42.9 3.6
      vertex 2.36794 42.9 1.2
    endloop
  endfacet
  facet normal 0.634265 -0.773116 0
    outer loop
      vertex 2.7813 43.4037 1.2
      vertex 2.88247 43.4867 3.6
      vertex 2.7813 43.4037 3.6
    endloop
  endfacet
  facet normal 0.634265 -0.773116 0
    outer loop
      vertex 2.88247 43.4867 3.6
      vertex 2.7813 43.4037 1.2
      vertex 2.88247 43.4867 1.2
    endloop
  endfacet
  facet normal -0.956922 0.290347 0
    outer loop
      vertex 147.794 3.45712 1.2
      vertex 147.832 3.58236 3.6
      vertex 147.832 3.58236 1.2
    endloop
  endfacet
  facet normal -0.956922 0.290347 0
    outer loop
      vertex 147.832 3.58236 3.6
      vertex 147.794 3.45712 1.2
      vertex 147.794 3.45712 3.6
    endloop
  endfacet
  facet normal -0.0328068 -0.999462 0
    outer loop
      vertex 145.9 43.9 1.2
      vertex 146.031 43.8957 3.6
      vertex 145.9 43.9 3.6
    endloop
  endfacet
  facet normal -0.0328068 -0.999462 -0
    outer loop
      vertex 146.031 43.8957 3.6
      vertex 145.9 43.9 1.2
      vertex 146.031 43.8957 1.2
    endloop
  endfacet
  facet normal -0.973377 -0.22921 0
    outer loop
      vertex 147.862 42.2902 1.2
      vertex 147.832 42.4176 3.6
      vertex 147.832 42.4176 1.2
    endloop
  endfacet
  facet normal -0.973377 -0.22921 0
    outer loop
      vertex 147.832 42.4176 3.6
      vertex 147.862 42.2902 1.2
      vertex 147.862 42.2902 3.6
    endloop
  endfacet
  facet normal 0.582322 -0.812958 0
    outer loop
      vertex 2.88247 43.4867 1.2
      vertex 2.98885 43.5629 3.6
      vertex 2.88247 43.4867 3.6
    endloop
  endfacet
  facet normal 0.582322 -0.812958 0
    outer loop
      vertex 2.98885 43.5629 3.6
      vertex 2.88247 43.4867 1.2
      vertex 2.98885 43.5629 1.2
    endloop
  endfacet
  facet normal 0.163495 -0.986544 0
    outer loop
      vertex 3.70982 43.8615 1.2
      vertex 3.83895 43.8829 3.6
      vertex 3.70982 43.8615 3.6
    endloop
  endfacet
  facet normal 0.163495 -0.986544 0
    outer loop
      vertex 3.83895 43.8829 3.6
      vertex 3.70982 43.8615 1.2
      vertex 3.83895 43.8829 1.2
    endloop
  endfacet
  facet normal -0.95696 -0.290219 0
    outer loop
      vertex 147.832 42.4176 1.2
      vertex 147.794 42.5429 3.6
      vertex 147.794 42.5429 1.2
    endloop
  endfacet
  facet normal -0.95696 -0.290219 0
    outer loop
      vertex 147.794 42.5429 3.6
      vertex 147.832 42.4176 1.2
      vertex 147.832 42.4176 3.6
    endloop
  endfacet
  facet normal 0.471437 -0.8819 0
    outer loop
      vertex 3.1 43.632 1.2
      vertex 3.21542 43.6937 3.6
      vertex 3.1 43.632 3.6
    endloop
  endfacet
  facet normal 0.471437 -0.8819 0
    outer loop
      vertex 3.21542 43.6937 3.6
      vertex 3.1 43.632 1.2
      vertex 3.21542 43.6937 1.2
    endloop
  endfacet
  facet normal -0.353475 0.935444 0
    outer loop
      vertex 146.665 2.25224 1.2
      vertex 146.543 2.20614 3.6
      vertex 146.665 2.25224 3.6
    endloop
  endfacet
  facet normal -0.353475 0.935444 0
    outer loop
      vertex 146.543 2.20614 3.6
      vertex 146.665 2.25224 1.2
      vertex 146.543 2.20614 1.2
    endloop
  endfacet
  facet normal -0.987047 -0.160433 0
    outer loop
      vertex 147.883 42.161 1.2
      vertex 147.862 42.2902 3.6
      vertex 147.862 42.2902 1.2
    endloop
  endfacet
  facet normal -0.987047 -0.160433 0
    outer loop
      vertex 147.862 42.2902 3.6
      vertex 147.883 42.161 1.2
      vertex 147.883 42.161 3.6
    endloop
  endfacet
  facet normal -0.936172 -0.351542 0
    outer loop
      vertex 147.794 42.5429 1.2
      vertex 147.748 42.6654 3.6
      vertex 147.748 42.6654 1.2
    endloop
  endfacet
  facet normal -0.936172 -0.351542 0
    outer loop
      vertex 147.748 42.6654 3.6
      vertex 147.794 42.5429 1.2
      vertex 147.794 42.5429 3.6
    endloop
  endfacet
  facet normal -0.0979877 -0.995188 0
    outer loop
      vertex 146.031 43.8957 1.2
      vertex 146.161 43.8829 3.6
      vertex 146.031 43.8957 3.6
    endloop
  endfacet
  facet normal -0.0979877 -0.995188 -0
    outer loop
      vertex 146.161 43.8829 3.6
      vertex 146.031 43.8957 1.2
      vertex 146.161 43.8829 1.2
    endloop
  endfacet
  facet normal 0.849159 0.528137 0
    outer loop
      vertex 2.43707 2.98885 3.6
      vertex 2.36794 3.1 1.2
      vertex 2.36794 3.1 3.6
    endloop
  endfacet
  facet normal 0.849159 0.528137 0
    outer loop
      vertex 2.36794 3.1 1.2
      vertex 2.43707 2.98885 3.6
      vertex 2.43707 2.98885 1.2
    endloop
  endfacet
  facet normal -0.472774 -0.881184 0
    outer loop
      vertex 146.785 43.6937 1.2
      vertex 146.9 43.632 3.6
      vertex 146.785 43.6937 3.6
    endloop
  endfacet
  facet normal -0.472774 -0.881184 -0
    outer loop
      vertex 146.9 43.632 3.6
      vertex 146.785 43.6937 1.2
      vertex 146.9 43.632 1.2
    endloop
  endfacet
  facet normal 0.973869 -0.227109 0
    outer loop
      vertex 2.13844 42.2902 3.6
      vertex 2.16815 42.4176 1.2
      vertex 2.16815 42.4176 3.6
    endloop
  endfacet
  facet normal 0.973869 -0.227109 0
    outer loop
      vertex 2.16815 42.4176 1.2
      vertex 2.13844 42.2902 3.6
      vertex 2.13844 42.2902 1.2
    endloop
  endfacet
  facet normal 0.935911 0.352237 0
    outer loop
      vertex 2.25224 3.33463 3.6
      vertex 2.20614 3.45712 1.2
      vertex 2.20614 3.45712 3.6
    endloop
  endfacet
  facet normal 0.935911 0.352237 0
    outer loop
      vertex 2.20614 3.45712 1.2
      vertex 2.25224 3.33463 3.6
      vertex 2.25224 3.33463 1.2
    endloop
  endfacet
  facet normal 0.986632 -0.162962 0
    outer loop
      vertex 2.1171 42.161 3.6
      vertex 2.13844 42.2902 1.2
      vertex 2.13844 42.2902 3.6
    endloop
  endfacet
  facet normal 0.986632 -0.162962 0
    outer loop
      vertex 2.13844 42.2902 1.2
      vertex 2.1171 42.161 3.6
      vertex 2.1171 42.161 1.2
    endloop
  endfacet
  facet normal 0.72988 0.683575 0
    outer loop
      vertex 2.68578 2.68578 3.6
      vertex 2.59632 2.7813 1.2
      vertex 2.59632 2.7813 3.6
    endloop
  endfacet
  facet normal 0.72988 0.683575 0
    outer loop
      vertex 2.59632 2.7813 1.2
      vertex 2.68578 2.68578 3.6
      vertex 2.68578 2.68578 1.2
    endloop
  endfacet
  facet normal -0.849605 0.52742 0
    outer loop
      vertex 147.563 2.98885 1.2
      vertex 147.632 3.1 3.6
      vertex 147.632 3.1 1.2
    endloop
  endfacet
  facet normal -0.849605 0.52742 0
    outer loop
      vertex 147.632 3.1 3.6
      vertex 147.563 2.98885 1.2
      vertex 147.563 2.98885 3.6
    endloop
  endfacet
  facet normal 0.995198 0.0978845 0
    outer loop
      vertex 2.1171 3.83895 3.6
      vertex 2.10429 3.96919 1.2
      vertex 2.10429 3.96919 3.6
    endloop
  endfacet
  facet normal 0.995198 0.0978845 0
    outer loop
      vertex 2.10429 3.96919 1.2
      vertex 2.1171 3.83895 3.6
      vertex 2.1171 3.83895 1.2
    endloop
  endfacet
  facet normal -0.973401 0.229107 0
    outer loop
      vertex 147.832 3.58236 1.2
      vertex 147.862 3.70982 3.6
      vertex 147.862 3.70982 1.2
    endloop
  endfacet
  facet normal -0.973401 0.229107 0
    outer loop
      vertex 147.862 3.70982 3.6
      vertex 147.832 3.58236 1.2
      vertex 147.832 3.58236 3.6
    endloop
  endfacet
  facet normal -0.936163 0.351567 0
    outer loop
      vertex 147.748 3.33463 1.2
      vertex 147.794 3.45712 3.6
      vertex 147.794 3.45712 1.2
    endloop
  endfacet
  facet normal -0.936163 0.351567 0
    outer loop
      vertex 147.794 3.45712 3.6
      vertex 147.748 3.33463 1.2
      vertex 147.748 3.33463 3.6
    endloop
  endfacet
  facet normal 0.471377 0.881932 -0
    outer loop
      vertex 3.21542 2.30625 1.2
      vertex 3.1 2.36794 3.6
      vertex 3.21542 2.30625 3.6
    endloop
  endfacet
  facet normal 0.471377 0.881932 0
    outer loop
      vertex 3.1 2.36794 3.6
      vertex 3.21542 2.30625 1.2
      vertex 3.1 2.36794 1.2
    endloop
  endfacet
  facet normal 0.812902 -0.582401 0
    outer loop
      vertex 2.43707 43.0111 3.6
      vertex 2.5133 43.1175 1.2
      vertex 2.5133 43.1175 3.6
    endloop
  endfacet
  facet normal 0.812902 -0.582401 0
    outer loop
      vertex 2.5133 43.1175 1.2
      vertex 2.43707 43.0111 3.6
      vertex 2.43707 43.0111 1.2
    endloop
  endfacet
  facet normal -0.226099 0.974104 0
    outer loop
      vertex 146.418 2.16815 1.2
      vertex 146.29 2.13844 3.6
      vertex 146.418 2.16815 3.6
    endloop
  endfacet
  facet normal -0.226099 0.974104 0
    outer loop
      vertex 146.29 2.13844 3.6
      vertex 146.418 2.16815 1.2
      vertex 146.29 2.13844 1.2
    endloop
  endfacet
  facet normal -0.999533 0.0305644 0
    outer loop
      vertex 147.896 3.96919 1.2
      vertex 147.9 4.1 3.6
      vertex 147.9 4.1 1.2
    endloop
  endfacet
  facet normal -0.999533 0.0305644 0
    outer loop
      vertex 147.9 4.1 3.6
      vertex 147.896 3.96919 1.2
      vertex 147.896 3.96919 3.6
    endloop
  endfacet
  facet normal -0.685561 0.728015 0
    outer loop
      vertex 147.314 2.68578 1.2
      vertex 147.219 2.59632 3.6
      vertex 147.314 2.68578 3.6
    endloop
  endfacet
  facet normal -0.685561 0.728015 0
    outer loop
      vertex 147.219 2.59632 3.6
      vertex 147.314 2.68578 1.2
      vertex 147.219 2.59632 1.2
    endloop
  endfacet
  facet normal -0.773208 -0.634153 0
    outer loop
      vertex 147.487 43.1175 1.2
      vertex 147.404 43.2187 3.6
      vertex 147.404 43.2187 1.2
    endloop
  endfacet
  facet normal -0.773208 -0.634153 0
    outer loop
      vertex 147.404 43.2187 3.6
      vertex 147.487 43.1175 1.2
      vertex 147.487 43.1175 3.6
    endloop
  endfacet
  facet normal -0.773116 0.634265 0
    outer loop
      vertex 147.404 2.7813 1.2
      vertex 147.487 2.88247 3.6
      vertex 147.487 2.88247 1.2
    endloop
  endfacet
  facet normal -0.773116 0.634265 0
    outer loop
      vertex 147.487 2.88247 3.6
      vertex 147.404 2.7813 1.2
      vertex 147.404 2.7813 3.6
    endloop
  endfacet
  facet normal 0.973893 0.227007 0
    outer loop
      vertex 2.16815 3.58236 3.6
      vertex 2.13844 3.70982 1.2
      vertex 2.13844 3.70982 3.6
    endloop
  endfacet
  facet normal 0.973893 0.227007 0
    outer loop
      vertex 2.13844 3.70982 1.2
      vertex 2.16815 3.58236 3.6
      vertex 2.16815 3.58236 1.2
    endloop
  endfacet
  facet normal -0.995055 0.0993222 0
    outer loop
      vertex 147.883 3.83895 1.2
      vertex 147.896 3.96919 3.6
      vertex 147.896 3.96919 1.2
    endloop
  endfacet
  facet normal -0.995055 0.0993222 0
    outer loop
      vertex 147.896 3.96919 3.6
      vertex 147.883 3.83895 1.2
      vertex 147.883 3.83895 3.6
    endloop
  endfacet
  facet normal -0.727752 -0.68584 0
    outer loop
      vertex 147.404 43.2187 1.2
      vertex 147.314 43.3142 3.6
      vertex 147.314 43.3142 1.2
    endloop
  endfacet
  facet normal -0.727752 -0.68584 0
    outer loop
      vertex 147.314 43.3142 3.6
      vertex 147.404 43.2187 1.2
      vertex 147.404 43.2187 3.6
    endloop
  endfacet
  facet normal -0.685723 -0.727863 0
    outer loop
      vertex 147.219 43.4037 1.2
      vertex 147.314 43.3142 3.6
      vertex 147.219 43.4037 3.6
    endloop
  endfacet
  facet normal -0.685723 -0.727863 -0
    outer loop
      vertex 147.314 43.3142 3.6
      vertex 147.219 43.4037 1.2
      vertex 147.314 43.3142 1.2
    endloop
  endfacet
  facet normal 0.412622 -0.910902 0
    outer loop
      vertex 3.21542 43.6937 1.2
      vertex 3.33463 43.7477 3.6
      vertex 3.21542 43.6937 3.6
    endloop
  endfacet
  facet normal 0.412622 -0.910902 0
    outer loop
      vertex 3.33463 43.7477 3.6
      vertex 3.21542 43.6937 1.2
      vertex 3.33463 43.7477 1.2
    endloop
  endfacet
  facet normal 0.995195 -0.0979143 0
    outer loop
      vertex 2.10429 42.0308 3.6
      vertex 2.1171 42.161 1.2
      vertex 2.1171 42.161 3.6
    endloop
  endfacet
  facet normal 0.995195 -0.0979143 0
    outer loop
      vertex 2.1171 42.161 1.2
      vertex 2.10429 42.0308 3.6
      vertex 2.10429 42.0308 1.2
    endloop
  endfacet
  facet normal 0.999463 -0.0327805 0
    outer loop
      vertex 2.1 41.9 3.6
      vertex 2.10429 42.0308 1.2
      vertex 2.10429 42.0308 3.6
    endloop
  endfacet
  facet normal 0.999463 -0.0327805 0
    outer loop
      vertex 2.10429 42.0308 1.2
      vertex 2.1 41.9 3.6
      vertex 2.1 41.9 1.2
    endloop
  endfacet
  facet normal 0.412686 0.910873 -0
    outer loop
      vertex 3.33463 2.25224 1.2
      vertex 3.21542 2.30625 3.6
      vertex 3.33463 2.25224 3.6
    endloop
  endfacet
  facet normal 0.412686 0.910873 0
    outer loop
      vertex 3.21542 2.30625 3.6
      vertex 3.33463 2.25224 1.2
      vertex 3.21542 2.30625 1.2
    endloop
  endfacet
  facet normal -0.472715 0.881216 0
    outer loop
      vertex 146.9 2.36794 1.2
      vertex 146.785 2.30625 3.6
      vertex 146.9 2.36794 3.6
    endloop
  endfacet
  facet normal -0.472715 0.881216 0
    outer loop
      vertex 146.785 2.30625 3.6
      vertex 146.9 2.36794 1.2
      vertex 146.785 2.30625 1.2
    endloop
  endfacet
  facet normal -0.727824 0.685764 0
    outer loop
      vertex 147.314 2.68578 1.2
      vertex 147.404 2.7813 3.6
      vertex 147.404 2.7813 1.2
    endloop
  endfacet
  facet normal -0.727824 0.685764 0
    outer loop
      vertex 147.404 2.7813 3.6
      vertex 147.314 2.68578 1.2
      vertex 147.314 2.68578 3.6
    endloop
  endfacet
  facet normal 0.582474 0.81285 -0
    outer loop
      vertex 2.98885 2.43707 1.2
      vertex 2.88247 2.5133 3.6
      vertex 2.98885 2.43707 3.6
    endloop
  endfacet
  facet normal 0.582474 0.81285 0
    outer loop
      vertex 2.88247 2.5133 3.6
      vertex 2.98885 2.43707 1.2
      vertex 2.88247 2.5133 1.2
    endloop
  endfacet
  facet normal -0.580237 0.814448 0
    outer loop
      vertex 147.118 2.5133 1.2
      vertex 147.011 2.43707 3.6
      vertex 147.118 2.5133 3.6
    endloop
  endfacet
  facet normal -0.580237 0.814448 0
    outer loop
      vertex 147.011 2.43707 3.6
      vertex 147.118 2.5133 1.2
      vertex 147.011 2.43707 1.2
    endloop
  endfacet
  facet normal 0.290277 0.956943 -0
    outer loop
      vertex 3.58236 2.16815 1.2
      vertex 3.45712 2.20614 3.6
      vertex 3.58236 2.16815 3.6
    endloop
  endfacet
  facet normal 0.290277 0.956943 0
    outer loop
      vertex 3.45712 2.20614 3.6
      vertex 3.58236 2.16815 1.2
      vertex 3.45712 2.20614 1.2
    endloop
  endfacet
  facet normal -0.910889 -0.412651 0
    outer loop
      vertex 147.748 42.6654 1.2
      vertex 147.694 42.7846 3.6
      vertex 147.694 42.7846 1.2
    endloop
  endfacet
  facet normal -0.910889 -0.412651 0
    outer loop
      vertex 147.694 42.7846 3.6
      vertex 147.748 42.6654 1.2
      vertex 147.748 42.6654 3.6
    endloop
  endfacet
  facet normal -0.290787 0.956788 0
    outer loop
      vertex 146.543 2.20614 1.2
      vertex 146.418 2.16815 3.6
      vertex 146.543 2.20614 3.6
    endloop
  endfacet
  facet normal -0.290787 0.956788 0
    outer loop
      vertex 146.418 2.16815 3.6
      vertex 146.543 2.20614 1.2
      vertex 146.418 2.16815 1.2
    endloop
  endfacet
  facet normal -0.813733 -0.581238 0
    outer loop
      vertex 147.563 43.0111 1.2
      vertex 147.487 43.1175 3.6
      vertex 147.487 43.1175 1.2
    endloop
  endfacet
  facet normal -0.813733 -0.581238 0
    outer loop
      vertex 147.487 43.1175 3.6
      vertex 147.563 43.0111 1.2
      vertex 147.563 43.0111 3.6
    endloop
  endfacet
  facet normal 0.352237 0.935911 -0
    outer loop
      vertex 3.45712 2.20614 1.2
      vertex 3.33463 2.25224 3.6
      vertex 3.45712 2.20614 3.6
    endloop
  endfacet
  facet normal 0.352237 0.935911 0
    outer loop
      vertex 3.33463 2.25224 3.6
      vertex 3.45712 2.20614 1.2
      vertex 3.33463 2.25224 1.2
    endloop
  endfacet
  facet normal -0.849498 -0.527591 0
    outer loop
      vertex 147.632 42.9 1.2
      vertex 147.563 43.0111 3.6
      vertex 147.563 43.0111 1.2
    endloop
  endfacet
  facet normal -0.849498 -0.527591 0
    outer loop
      vertex 147.563 43.0111 3.6
      vertex 147.632 42.9 1.2
      vertex 147.632 42.9 3.6
    endloop
  endfacet
  facet normal -0.987033 0.160518 0
    outer loop
      vertex 147.862 3.70982 1.2
      vertex 147.883 3.83895 3.6
      vertex 147.883 3.83895 1.2
    endloop
  endfacet
  facet normal -0.987033 0.160518 0
    outer loop
      vertex 147.883 3.83895 3.6
      vertex 147.862 3.70982 1.2
      vertex 147.862 3.70982 3.6
    endloop
  endfacet
  facet normal -0.910902 0.412622 0
    outer loop
      vertex 147.694 3.21542 1.2
      vertex 147.748 3.33463 3.6
      vertex 147.748 3.33463 1.2
    endloop
  endfacet
  facet normal -0.910902 0.412622 0
    outer loop
      vertex 147.748 3.33463 3.6
      vertex 147.694 3.21542 1.2
      vertex 147.694 3.21542 3.6
    endloop
  endfacet
  facet normal -0.880946 0.473217 0
    outer loop
      vertex 147.632 3.1 1.2
      vertex 147.694 3.21542 3.6
      vertex 147.694 3.21542 1.2
    endloop
  endfacet
  facet normal -0.880946 0.473217 0
    outer loop
      vertex 147.694 3.21542 3.6
      vertex 147.632 3.1 1.2
      vertex 147.632 3.1 3.6
    endloop
  endfacet
  facet normal -0.634903 -0.772592 0
    outer loop
      vertex 147.118 43.4867 1.2
      vertex 147.219 43.4037 3.6
      vertex 147.118 43.4867 3.6
    endloop
  endfacet
  facet normal -0.634903 -0.772592 -0
    outer loop
      vertex 147.219 43.4037 3.6
      vertex 147.118 43.4867 1.2
      vertex 147.219 43.4037 1.2
    endloop
  endfacet
  facet normal 0.956981 -0.290149 0
    outer loop
      vertex 2.16815 42.4176 3.6
      vertex 2.20614 42.5429 1.2
      vertex 2.20614 42.5429 3.6
    endloop
  endfacet
  facet normal 0.956981 -0.290149 0
    outer loop
      vertex 2.20614 42.5429 1.2
      vertex 2.16815 42.4176 3.6
      vertex 2.16815 42.4176 1.2
    endloop
  endfacet
  facet normal -0.813682 0.581311 0
    outer loop
      vertex 147.487 2.88247 1.2
      vertex 147.563 2.98885 3.6
      vertex 147.563 2.98885 1.2
    endloop
  endfacet
  facet normal -0.813682 0.581311 0
    outer loop
      vertex 147.563 2.98885 3.6
      vertex 147.487 2.88247 1.2
      vertex 147.487 2.88247 3.6
    endloop
  endfacet
  facet normal -0.528651 0.848839 0
    outer loop
      vertex 147.011 2.43707 1.2
      vertex 146.9 2.36794 3.6
      vertex 147.011 2.43707 3.6
    endloop
  endfacet
  facet normal -0.528651 0.848839 0
    outer loop
      vertex 146.9 2.36794 3.6
      vertex 147.011 2.43707 1.2
      vertex 146.9 2.36794 1.2
    endloop
  endfacet
  facet normal 0.773041 0.634356 0
    outer loop
      vertex 2.59632 2.7813 3.6
      vertex 2.5133 2.88247 1.2
      vertex 2.5133 2.88247 3.6
    endloop
  endfacet
  facet normal 0.773041 0.634356 0
    outer loop
      vertex 2.5133 2.88247 1.2
      vertex 2.59632 2.7813 3.6
      vertex 2.59632 2.7813 1.2
    endloop
  endfacet
  facet normal 0.881932 0.471377 0
    outer loop
      vertex 2.36794 3.1 3.6
      vertex 2.30625 3.21542 1.2
      vertex 2.30625 3.21542 3.6
    endloop
  endfacet
  facet normal 0.881932 0.471377 0
    outer loop
      vertex 2.30625 3.21542 1.2
      vertex 2.36794 3.1 3.6
      vertex 2.36794 3.1 1.2
    endloop
  endfacet
  facet normal -0.410428 0.911893 0
    outer loop
      vertex 146.785 2.30625 1.2
      vertex 146.665 2.25224 3.6
      vertex 146.785 2.30625 3.6
    endloop
  endfacet
  facet normal -0.410428 0.911893 0
    outer loop
      vertex 146.665 2.25224 3.6
      vertex 146.785 2.30625 1.2
      vertex 146.665 2.25224 1.2
    endloop
  endfacet
endsolid OpenSCAD_Model
